﻿<?xml version="1.0" encoding="utf-8"?>
<atom:entry xmlns:app="http://www.w3.org/2007/app" xmlns:atom="http://www.w3.org/2005/Atom" xmlns:cmis="http://docs.oasis-open.org/ns/cmis/core/200908/" xmlns:cmisra="http://docs.oasis-open.org/ns/cmis/restatom/200908/" xmlns:sf="urn:telerik:sitefinity:cmis" xml:base="http://localhost/Sitefinity/CMIS/RestAtom/">
  <cmisra:object>
    <cmis:properties>
      <cmis:propertyString propertyDefinitionId="sf:Summary">
        <cmis:value>Excepteur sint occaecat cupidatat non proident, sunt in culpa officia deserunt mollit anim id est laborum. Sed ut perspiciatis lorem150</cmis:value>
      </cmis:propertyString>
      <cmis:propertyString propertyDefinitionId="sf:Content">
        <cmis:value>&lt;p&gt;Lorem ipsum dolor sit amet, consectetur sita adipiscing elit. Proin molestie accumsan orci suneget placerat. Etiama faucibuss orci quis posuere vestibulu. Ut id purusos ultricies, dictumax quam id, ullamcorper urna. Curabitur sitdown nisi vitae nisi vestotana
    vestibul ut non massa. Aliquam erat volutpat. Morbi nect nunc et orci euismode finibus. Donec lobortis venenatis turpis. Aenean act congue arcu, nect porttitor magna. Nam consequa ligula nibh, in maximus gravida. Vivamus nuornare masa. Quisque sed
    honcus leo, ullamcorper auctor mi. Maecenas mollis purus, mattis nisl condimentum. Nam eros elementu, congue diam imperdiet, interdum tellus.&lt;/p&gt;&lt;p&gt;Mauris dapibus turpis vel ialis tempor. Morbi turpis leon, pulvinar vitae convallis vitae, scelerisque necto eros. Suspendisse vitae pharetra risus. Pellentesque varius, felis in lacinia faucibus, ipsum liula aliquam nulla, non honcus nunc ipsum eu risus.
    Nunc finibus euismod magna sagittis. Sed dictum libero consectetur.&lt;/p&gt;&lt;p&gt;Vivamus nisl metus, dictum sit amet porttitor sit amet, lobortis sit amet ipsum. Mauris ut quam non magna gravida egestas. Sed rutrum sapien eget lorem bibendum ullamcorper.
&lt;/p&gt;&lt;img sf-custom-thumbnail="true" src="[images%7COpenAccessDataProvider]f95b22a8-ca3a-4426-becc-fb79798a566b" style="float:right;" sf-size="59783" class="sf-immutable-selected -align-right" width="200" alt="51" sf-constrain-proportions="true" /&gt;&lt;ul&gt;&lt;li&gt;&lt;em class="fa fa-check-circle-o" aria-hidden="true"&gt;&lt;/em&gt;Duis blandit maximus tellus, sagittis volutpat tellus sandi.&lt;/li&gt;&lt;li&gt;&lt;em class="fa fa-check-circle-o" aria-hidden="true"&gt;&lt;/em&gt;Etiam vel auctor elit. Usaceros suscipit, lobortis felis non.&lt;/li&gt;&lt;li&gt;&lt;em class="fa fa-check-circle-o" aria-hidden="true"&gt;&lt;/em&gt;Integer sagittis finibus nequer, euster tincidunt misult.&lt;/li&gt;&lt;li&gt;&lt;em class="fa fa-check-circle-o" aria-hidden="true"&gt;&lt;/em&gt;Pellentesque euismod semeget diam ege&lt;/li&gt;&lt;/ul&gt;&lt;p&gt;Aliquam venenatis dui elit, et viverra mi maximus quis. Etiam vel auctor elit. Ut ac eros suscipit, lobortis felison, vulputate tellus. Suspendisse hendrerit aliquet lectus.&lt;/p&gt;&lt;p&gt;Mauris nisi arcu, consectetur convallis fringilla quis, posuere ac mauris. Ut in placerat lorem. Donec cursus malesuada nibhem, eget consectetur posuere sed. Suspendisse auctor nec diamet consectetur. Etiam ac maurised nisib tincidunt viverra. Sed nulla
    lacus, convallis vel nunc sed, fringilla venenatis neque.&lt;/p&gt;&lt;blockquote&gt;&lt;h6 class="quote-text"&gt;&amp;ldquo;Design is a funny word. Some people think design means how it looks. But of course, if you dig deeper, it's really how it works. The design of the Mac wasn't what it looked like, although that was part of it.&amp;rdquo;&lt;/h6&gt;&lt;h6 class="quote-name"&gt;STEVE JOBS&lt;/h6&gt;&lt;/blockquote&gt;&lt;p&gt;Phasellus laoreet mattis ultrices. Integer ex sem, ultrices eu sem in, laoreet vehicula ligula. Phasellus quistor blandit salah convallis augue. Sed velot dictum sapient. In pulvinar libero turpis. Quisque facilisis bigbang consenti. Nullam bendumaz,
    massan consequat in gravida porttitor, aguet lacus condimentum mauris, id blandit quam augue eget mana. Etiam denim jeans lacus, nascetur auge bibendum vel pulvinar viverra, mattis sit amet mi. Mauris fringilla, ex vitae maximus fringilla, neque sapien
    maximus justo, cursus risus neque sed nibh. Donec at urna eros scelerisque non nibh sed.&lt;/p&gt;</cmis:value>
      </cmis:propertyString>
      <cmis:propertyString propertyDefinitionId="sf:SourceName" />
      <cmis:propertyString propertyDefinitionId="sf:SourceSite" />
      <cmis:propertyString propertyDefinitionId="sf:CommentsConfigPath">
        <cmis:value>/NewsConfig/commentsSettings</cmis:value>
      </cmis:propertyString>
      <sf:Telerik.Sitefinity.News.Model.NewsUrlData propertyDefinitionId="sf:Urls" sf:collectionType="IEnumerable">
        <cmis:value>&lt;Telerik.Sitefinity.News.Model.NewsUrlData&gt;
  &lt;Culture&gt;127&lt;/Culture&gt;
  &lt;Disabled&gt;false&lt;/Disabled&gt;
  &lt;Id&gt;22da988b-dbf5-4cf7-8338-b20bbf9e3bf6&lt;/Id&gt;
  &lt;IsDefault&gt;true&lt;/IsDefault&gt;
  &lt;LastModified&gt;2020-02-06T23:09:57.387Z&lt;/LastModified&gt;
  &lt;QueryString /&gt;
  &lt;RedirectToDefault&gt;false&lt;/RedirectToDefault&gt;
  &lt;Url&gt;%2f2020%2f02%2f06%2fcruising-destination-ideas&lt;/Url&gt;
&lt;/Telerik.Sitefinity.News.Model.NewsUrlData&gt;</cmis:value>
      </sf:Telerik.Sitefinity.News.Model.NewsUrlData>
      <cmis:propertyBoolean propertyDefinitionId="sf:AutoGenerateUniqueUrl">
        <cmis:value>False</cmis:value>
      </cmis:propertyBoolean>
      <cmis:propertyString propertyDefinitionId="sf:ApprovalWorkflowState">
        <cmis:value>Published</cmis:value>
      </cmis:propertyString>
      <cmis:propertyId propertyDefinitionId="sf:Id">
        <cmis:value>cc560023-edf1-4652-ac35-9e3fe2b10dc1</cmis:value>
      </cmis:propertyId>
      <cmis:propertyString propertyDefinitionId="sf:Title">
        <cmis:value>Cruising Destination Ideas</cmis:value>
      </cmis:propertyString>
      <cmis:propertyString propertyDefinitionId="sf:Description">
        <cmis:value></cmis:value>
      </cmis:propertyString>
      <cmis:propertyString propertyDefinitionId="sf:UrlName">
        <cmis:value>cruising-destination-ideas</cmis:value>
      </cmis:propertyString>
      <cmis:propertyId propertyDefinitionId="sf:DefaultPageId" />
      <cmis:propertyBoolean propertyDefinitionId="sf:IncludeInSitemap">
        <cmis:value>True</cmis:value>
      </cmis:propertyBoolean>
      <cmis:propertyInteger propertyDefinitionId="sf:Status">
        <cmis:value>2</cmis:value>
      </cmis:propertyInteger>
      <cmis:propertyInteger propertyDefinitionId="sf:PostRights">
        <cmis:value>1</cmis:value>
      </cmis:propertyInteger>
      <cmis:propertyBoolean propertyDefinitionId="sf:AllowTrackBacks" />
      <cmis:propertyBoolean propertyDefinitionId="sf:AllowComments">
        <cmis:value>True</cmis:value>
      </cmis:propertyBoolean>
      <cmis:propertyBoolean propertyDefinitionId="sf:ApproveComments">
        <cmis:value>False</cmis:value>
      </cmis:propertyBoolean>
      <cmis:propertyBoolean propertyDefinitionId="sf:EmailAuthor">
        <cmis:value>False</cmis:value>
      </cmis:propertyBoolean>
      <cmis:propertyBoolean propertyDefinitionId="sf:SupportsContentLifecycle">
        <cmis:value>True</cmis:value>
      </cmis:propertyBoolean>
      <cmis:propertyString propertyDefinitionId="sf:ContentState" />
      <cmis:propertyString propertyDefinitionId="sf:DraftCulture" />
      <cmis:propertyId propertyDefinitionId="sf:OriginalContentId">
        <cmis:value>d2188fe1-5158-4a16-aaab-59c72ff4a797</cmis:value>
      </cmis:propertyId>
      <cmis:propertyString propertyDefinitionId="sf:SourceKey" />
      <cmis:propertyId propertyDefinitionId="sf:Tags" sf:collectionType="IEnumerable">
        <cmis:value>4e171a6d-5c7a-4ff4-a75b-53ae26e9f4be</cmis:value>
      </cmis:propertyId>
      <cmis:propertyId propertyDefinitionId="sf:Category" sf:collectionType="IEnumerable" />
      <cmis:propertyId propertyDefinitionId="cmis:objectId">
        <cmis:value>cc560023-edf1-4652-ac35-9e3fe2b10dc1</cmis:value>
      </cmis:propertyId>
      <cmis:propertyString propertyDefinitionId="sf:Author">
        <cmis:value>Alan Shaerer</cmis:value>
      </cmis:propertyString>
      <cmis:propertyString propertyDefinitionId="cmis:objectTypeId">
        <cmis:value>Telerik.Sitefinity.News.Model.NewsItem</cmis:value>
      </cmis:propertyString>
      <cmis:propertyString propertyDefinitionId="sf:LangId">
        <cmis:value></cmis:value>
      </cmis:propertyString>
      <cmis:propertyString propertyDefinitionId="sf:ItemAction">
        <cmis:value>New</cmis:value>
      </cmis:propertyString>
    </cmis:properties>
  </cmisra:object>
  <cmisra:object>
    <cmis:properties>
      <cmis:propertyString propertyDefinitionId="sf:Summary">
        <cmis:value>Excepteur sint occaecat cupidatat non proident, sunt in culpa officia deserunt mollit anim id est laborum. Sed ut perspiciatis lorem150</cmis:value>
      </cmis:propertyString>
      <cmis:propertyString propertyDefinitionId="sf:Content">
        <cmis:value>&lt;p&gt;Lorem ipsum dolor sit amet, consectetur sita adipiscing elit. Proin molestie accumsan orci suneget placerat. Etiama faucibuss orci quis posuere vestibulu. Ut id purusos ultricies, dictumax quam id, ullamcorper urna. Curabitur sitdown nisi vitae nisi vestotana
    vestibul ut non massa. Aliquam erat volutpat. Morbi nect nunc et orci euismode finibus. Donec lobortis venenatis turpis. Aenean act congue arcu, nect porttitor magna. Nam consequa ligula nibh, in maximus gravida. Vivamus nuornare masa. Quisque sed
    honcus leo, ullamcorper auctor mi. Maecenas mollis purus, mattis nisl condimentum. Nam eros elementu, congue diam imperdiet, interdum tellus.&lt;/p&gt;&lt;p&gt;Mauris dapibus turpis vel ialis tempor. Morbi turpis leon, pulvinar vitae convallis vitae, scelerisque necto eros. Suspendisse vitae pharetra risus. Pellentesque varius, felis in lacinia faucibus, ipsum liula aliquam nulla, non honcus nunc ipsum eu risus.
    Nunc finibus euismod magna sagittis. Sed dictum libero consectetur.&lt;/p&gt;&lt;p&gt;Vivamus nisl metus, dictum sit amet porttitor sit amet, lobortis sit amet ipsum. Mauris ut quam non magna gravida egestas. Sed rutrum sapien eget lorem bibendum ullamcorper.
&lt;/p&gt;&lt;img sf-custom-thumbnail="true" src="[images%7COpenAccessDataProvider]f95b22a8-ca3a-4426-becc-fb79798a566b" style="float:right;" sf-size="59783" class="sf-immutable-selected -align-right" width="200" alt="51" sf-constrain-proportions="true" /&gt;&lt;ul&gt;&lt;li&gt;&lt;em class="fa fa-check-circle-o" aria-hidden="true"&gt;&lt;/em&gt;Duis blandit maximus tellus, sagittis volutpat tellus sandi.&lt;/li&gt;&lt;li&gt;&lt;em class="fa fa-check-circle-o" aria-hidden="true"&gt;&lt;/em&gt;Etiam vel auctor elit. Usaceros suscipit, lobortis felis non.&lt;/li&gt;&lt;li&gt;&lt;em class="fa fa-check-circle-o" aria-hidden="true"&gt;&lt;/em&gt;Integer sagittis finibus nequer, euster tincidunt misult.&lt;/li&gt;&lt;li&gt;&lt;em class="fa fa-check-circle-o" aria-hidden="true"&gt;&lt;/em&gt;Pellentesque euismod semeget diam ege&lt;/li&gt;&lt;/ul&gt;&lt;p&gt;Aliquam venenatis dui elit, et viverra mi maximus quis. Etiam vel auctor elit. Ut ac eros suscipit, lobortis felison, vulputate tellus. Suspendisse hendrerit aliquet lectus.&lt;/p&gt;&lt;p&gt;Mauris nisi arcu, consectetur convallis fringilla quis, posuere ac mauris. Ut in placerat lorem. Donec cursus malesuada nibhem, eget consectetur posuere sed. Suspendisse auctor nec diamet consectetur. Etiam ac maurised nisib tincidunt viverra. Sed nulla
    lacus, convallis vel nunc sed, fringilla venenatis neque.&lt;/p&gt;&lt;blockquote&gt;&lt;h6 class="quote-text"&gt;&amp;ldquo;Design is a funny word. Some people think design means how it looks. But of course, if you dig deeper, it's really how it works. The design of the Mac wasn't what it looked like, although that was part of it.&amp;rdquo;&lt;/h6&gt;&lt;h6 class="quote-name"&gt;STEVE JOBS&lt;/h6&gt;&lt;/blockquote&gt;&lt;p&gt;Phasellus laoreet mattis ultrices. Integer ex sem, ultrices eu sem in, laoreet vehicula ligula. Phasellus quistor blandit salah convallis augue. Sed velot dictum sapient. In pulvinar libero turpis. Quisque facilisis bigbang consenti. Nullam bendumaz,
    massan consequat in gravida porttitor, aguet lacus condimentum mauris, id blandit quam augue eget mana. Etiam denim jeans lacus, nascetur auge bibendum vel pulvinar viverra, mattis sit amet mi. Mauris fringilla, ex vitae maximus fringilla, neque sapien
    maximus justo, cursus risus neque sed nibh. Donec at urna eros scelerisque non nibh sed.&lt;/p&gt;</cmis:value>
      </cmis:propertyString>
      <cmis:propertyString propertyDefinitionId="sf:SourceName" />
      <cmis:propertyString propertyDefinitionId="sf:SourceSite" />
      <cmis:propertyString propertyDefinitionId="sf:CommentsConfigPath">
        <cmis:value>/NewsConfig/commentsSettings</cmis:value>
      </cmis:propertyString>
      <sf:Telerik.Sitefinity.News.Model.NewsUrlData propertyDefinitionId="sf:Urls" sf:collectionType="IEnumerable">
        <cmis:value>&lt;Telerik.Sitefinity.News.Model.NewsUrlData&gt;
  &lt;Culture&gt;127&lt;/Culture&gt;
  &lt;Disabled&gt;false&lt;/Disabled&gt;
  &lt;Id&gt;44702a53-41f3-4576-8586-c554c2d25f7e&lt;/Id&gt;
  &lt;IsDefault&gt;true&lt;/IsDefault&gt;
  &lt;LastModified&gt;2020-02-06T23:08:59.903Z&lt;/LastModified&gt;
  &lt;QueryString /&gt;
  &lt;RedirectToDefault&gt;false&lt;/RedirectToDefault&gt;
  &lt;Url&gt;%2f2020%2f02%2f06%2fbecome-a-travel-pro-in-one-easy-lesson&lt;/Url&gt;
&lt;/Telerik.Sitefinity.News.Model.NewsUrlData&gt;</cmis:value>
      </sf:Telerik.Sitefinity.News.Model.NewsUrlData>
      <cmis:propertyBoolean propertyDefinitionId="sf:AutoGenerateUniqueUrl">
        <cmis:value>False</cmis:value>
      </cmis:propertyBoolean>
      <cmis:propertyString propertyDefinitionId="sf:ApprovalWorkflowState">
        <cmis:value>Published</cmis:value>
      </cmis:propertyString>
      <cmis:propertyId propertyDefinitionId="sf:Id">
        <cmis:value>b5889ec8-d600-4866-bddb-3db01b73baef</cmis:value>
      </cmis:propertyId>
      <cmis:propertyString propertyDefinitionId="sf:Title">
        <cmis:value>Become A Travel Pro In One Easy Lesson</cmis:value>
      </cmis:propertyString>
      <cmis:propertyString propertyDefinitionId="sf:Description">
        <cmis:value></cmis:value>
      </cmis:propertyString>
      <cmis:propertyString propertyDefinitionId="sf:UrlName">
        <cmis:value>become-a-travel-pro-in-one-easy-lesson</cmis:value>
      </cmis:propertyString>
      <cmis:propertyId propertyDefinitionId="sf:DefaultPageId" />
      <cmis:propertyBoolean propertyDefinitionId="sf:IncludeInSitemap">
        <cmis:value>True</cmis:value>
      </cmis:propertyBoolean>
      <cmis:propertyInteger propertyDefinitionId="sf:Status">
        <cmis:value>2</cmis:value>
      </cmis:propertyInteger>
      <cmis:propertyInteger propertyDefinitionId="sf:PostRights">
        <cmis:value>1</cmis:value>
      </cmis:propertyInteger>
      <cmis:propertyBoolean propertyDefinitionId="sf:AllowTrackBacks" />
      <cmis:propertyBoolean propertyDefinitionId="sf:AllowComments">
        <cmis:value>True</cmis:value>
      </cmis:propertyBoolean>
      <cmis:propertyBoolean propertyDefinitionId="sf:ApproveComments">
        <cmis:value>False</cmis:value>
      </cmis:propertyBoolean>
      <cmis:propertyBoolean propertyDefinitionId="sf:EmailAuthor">
        <cmis:value>False</cmis:value>
      </cmis:propertyBoolean>
      <cmis:propertyBoolean propertyDefinitionId="sf:SupportsContentLifecycle">
        <cmis:value>True</cmis:value>
      </cmis:propertyBoolean>
      <cmis:propertyString propertyDefinitionId="sf:ContentState" />
      <cmis:propertyString propertyDefinitionId="sf:DraftCulture" />
      <cmis:propertyId propertyDefinitionId="sf:OriginalContentId">
        <cmis:value>a9035e76-9e34-469d-8afb-0156220c48de</cmis:value>
      </cmis:propertyId>
      <cmis:propertyString propertyDefinitionId="sf:SourceKey" />
      <cmis:propertyId propertyDefinitionId="sf:Tags" sf:collectionType="IEnumerable">
        <cmis:value>4b4e1e12-4ebd-43fc-a8c9-9ea5cb72bf01</cmis:value>
      </cmis:propertyId>
      <cmis:propertyId propertyDefinitionId="sf:Category" sf:collectionType="IEnumerable" />
      <cmis:propertyId propertyDefinitionId="cmis:objectId">
        <cmis:value>b5889ec8-d600-4866-bddb-3db01b73baef</cmis:value>
      </cmis:propertyId>
      <cmis:propertyString propertyDefinitionId="sf:Author">
        <cmis:value>Alan Shaerer</cmis:value>
      </cmis:propertyString>
      <cmis:propertyString propertyDefinitionId="cmis:objectTypeId">
        <cmis:value>Telerik.Sitefinity.News.Model.NewsItem</cmis:value>
      </cmis:propertyString>
      <cmis:propertyString propertyDefinitionId="sf:LangId">
        <cmis:value></cmis:value>
      </cmis:propertyString>
      <cmis:propertyString propertyDefinitionId="sf:ItemAction">
        <cmis:value>New</cmis:value>
      </cmis:propertyString>
    </cmis:properties>
  </cmisra:object>
  <cmisra:object>
    <cmis:properties>
      <cmis:propertyString propertyDefinitionId="sf:Summary">
        <cmis:value>Excepteur sint occaecat cupidatat non proident, sunt in culpa officia deserunt mollit anim id est laborum. Sed ut perspiciatis lorem150</cmis:value>
      </cmis:propertyString>
      <cmis:propertyString propertyDefinitionId="sf:Content">
        <cmis:value>&lt;p&gt;Lorem ipsum dolor sit amet, consectetur sita adipiscing elit. Proin molestie accumsan orci suneget placerat. Etiama faucibuss orci quis posuere vestibulu. Ut id purusos ultricies, dictumax quam id, ullamcorper urna. Curabitur sitdown nisi vitae nisi vestotana
    vestibul ut non massa. Aliquam erat volutpat. Morbi nect nunc et orci euismode finibus. Donec lobortis venenatis turpis. Aenean act congue arcu, nect porttitor magna. Nam consequa ligula nibh, in maximus gravida. Vivamus nuornare masa. Quisque sed
    honcus leo, ullamcorper auctor mi. Maecenas mollis purus, mattis nisl condimentum. Nam eros elementu, congue diam imperdiet, interdum tellus.&lt;/p&gt;&lt;p&gt;Mauris dapibus turpis vel ialis tempor. Morbi turpis leon, pulvinar vitae convallis vitae, scelerisque necto eros. Suspendisse vitae pharetra risus. Pellentesque varius, felis in lacinia faucibus, ipsum liula aliquam nulla, non honcus nunc ipsum eu risus.
    Nunc finibus euismod magna sagittis. Sed dictum libero consectetur.&lt;/p&gt;&lt;p&gt;Vivamus nisl metus, dictum sit amet porttitor sit amet, lobortis sit amet ipsum. Mauris ut quam non magna gravida egestas. Sed rutrum sapien eget lorem bibendum ullamcorper.
&lt;/p&gt;&lt;img sf-custom-thumbnail="true" src="[images%7COpenAccessDataProvider]f95b22a8-ca3a-4426-becc-fb79798a566b" style="float:right;" sf-constrain-proportions="true" class="sf-immutable-selected -align-right" width="200" alt="51" sf-size="59783" /&gt;&lt;ul&gt;&lt;li&gt;&lt;em class="fa fa-check-circle-o" aria-hidden="true"&gt;&lt;/em&gt;Duis blandit maximus tellus, sagittis volutpat tellus sandi.&lt;/li&gt;&lt;li&gt;&lt;em class="fa fa-check-circle-o" aria-hidden="true"&gt;&lt;/em&gt;Etiam vel auctor elit. Usaceros suscipit, lobortis felis non.&lt;/li&gt;&lt;li&gt;&lt;em class="fa fa-check-circle-o" aria-hidden="true"&gt;&lt;/em&gt;Integer sagittis finibus nequer, euster tincidunt misult.&lt;/li&gt;&lt;li&gt;&lt;em class="fa fa-check-circle-o" aria-hidden="true"&gt;&lt;/em&gt;Pellentesque euismod semeget diam ege&lt;/li&gt;&lt;/ul&gt;&lt;p&gt;Aliquam venenatis dui elit, et viverra mi maximus quis. Etiam vel auctor elit. Ut ac eros suscipit, lobortis felison, vulputate tellus. Suspendisse hendrerit aliquet lectus.&lt;/p&gt;&lt;p&gt;Mauris nisi arcu, consectetur convallis fringilla quis, posuere ac mauris. Ut in placerat lorem. Donec cursus malesuada nibhem, eget consectetur posuere sed. Suspendisse auctor nec diamet consectetur. Etiam ac maurised nisib tincidunt viverra. Sed nulla
    lacus, convallis vel nunc sed, fringilla venenatis neque.&lt;/p&gt;&lt;blockquote&gt;&lt;h6 class="quote-text"&gt;&amp;ldquo;Design is a funny word. Some people think design means how it looks. But of course, if you dig deeper, it's really how it works. The design of the Mac wasn't what it looked like, although that was part of it.&amp;rdquo;&lt;/h6&gt;&lt;h6 class="quote-name"&gt;STEVE JOBS&lt;/h6&gt;&lt;/blockquote&gt;&lt;p&gt;Phasellus laoreet mattis ultrices. Integer ex sem, ultrices eu sem in, laoreet vehicula ligula. Phasellus quistor blandit salah convallis augue. Sed velot dictum sapient. In pulvinar libero turpis. Quisque facilisis bigbang consenti. Nullam bendumaz,
    massan consequat in gravida porttitor, aguet lacus condimentum mauris, id blandit quam augue eget mana. Etiam denim jeans lacus, nascetur auge bibendum vel pulvinar viverra, mattis sit amet mi. Mauris fringilla, ex vitae maximus fringilla, neque sapien
    maximus justo, cursus risus neque sed nibh. Donec at urna eros scelerisque non nibh sed.&lt;/p&gt;</cmis:value>
      </cmis:propertyString>
      <cmis:propertyString propertyDefinitionId="sf:SourceName" />
      <cmis:propertyString propertyDefinitionId="sf:SourceSite" />
      <cmis:propertyString propertyDefinitionId="sf:CommentsConfigPath">
        <cmis:value>/NewsConfig/commentsSettings</cmis:value>
      </cmis:propertyString>
      <sf:Telerik.Sitefinity.News.Model.NewsUrlData propertyDefinitionId="sf:Urls" sf:collectionType="IEnumerable">
        <cmis:value>&lt;Telerik.Sitefinity.News.Model.NewsUrlData&gt;
  &lt;Culture&gt;127&lt;/Culture&gt;
  &lt;Disabled&gt;false&lt;/Disabled&gt;
  &lt;Id&gt;9300d24e-35ec-4ba6-89ca-dae4c8904e5c&lt;/Id&gt;
  &lt;IsDefault&gt;true&lt;/IsDefault&gt;
  &lt;LastModified&gt;2020-02-06T23:07:45.48Z&lt;/LastModified&gt;
  &lt;QueryString /&gt;
  &lt;RedirectToDefault&gt;false&lt;/RedirectToDefault&gt;
  &lt;Url&gt;%2f2020%2f02%2f06%2fcruising-on-a-tight-budget&lt;/Url&gt;
&lt;/Telerik.Sitefinity.News.Model.NewsUrlData&gt;</cmis:value>
      </sf:Telerik.Sitefinity.News.Model.NewsUrlData>
      <cmis:propertyBoolean propertyDefinitionId="sf:AutoGenerateUniqueUrl">
        <cmis:value>False</cmis:value>
      </cmis:propertyBoolean>
      <cmis:propertyString propertyDefinitionId="sf:ApprovalWorkflowState">
        <cmis:value>Published</cmis:value>
      </cmis:propertyString>
      <cmis:propertyId propertyDefinitionId="sf:Id">
        <cmis:value>c44b478a-1833-4ea5-a297-80fbeab7fc6c</cmis:value>
      </cmis:propertyId>
      <cmis:propertyString propertyDefinitionId="sf:Title">
        <cmis:value>Cruising On A Tight Budget</cmis:value>
      </cmis:propertyString>
      <cmis:propertyString propertyDefinitionId="sf:Description">
        <cmis:value></cmis:value>
      </cmis:propertyString>
      <cmis:propertyString propertyDefinitionId="sf:UrlName">
        <cmis:value>cruising-on-a-tight-budget</cmis:value>
      </cmis:propertyString>
      <cmis:propertyId propertyDefinitionId="sf:DefaultPageId" />
      <cmis:propertyBoolean propertyDefinitionId="sf:IncludeInSitemap">
        <cmis:value>True</cmis:value>
      </cmis:propertyBoolean>
      <cmis:propertyInteger propertyDefinitionId="sf:Status">
        <cmis:value>2</cmis:value>
      </cmis:propertyInteger>
      <cmis:propertyInteger propertyDefinitionId="sf:PostRights">
        <cmis:value>1</cmis:value>
      </cmis:propertyInteger>
      <cmis:propertyBoolean propertyDefinitionId="sf:AllowTrackBacks" />
      <cmis:propertyBoolean propertyDefinitionId="sf:AllowComments">
        <cmis:value>True</cmis:value>
      </cmis:propertyBoolean>
      <cmis:propertyBoolean propertyDefinitionId="sf:ApproveComments">
        <cmis:value>False</cmis:value>
      </cmis:propertyBoolean>
      <cmis:propertyBoolean propertyDefinitionId="sf:EmailAuthor">
        <cmis:value>False</cmis:value>
      </cmis:propertyBoolean>
      <cmis:propertyBoolean propertyDefinitionId="sf:SupportsContentLifecycle">
        <cmis:value>True</cmis:value>
      </cmis:propertyBoolean>
      <cmis:propertyString propertyDefinitionId="sf:ContentState" />
      <cmis:propertyString propertyDefinitionId="sf:DraftCulture" />
      <cmis:propertyId propertyDefinitionId="sf:OriginalContentId">
        <cmis:value>948a276d-193c-4bf4-81f9-de79ee28882a</cmis:value>
      </cmis:propertyId>
      <cmis:propertyString propertyDefinitionId="sf:SourceKey" />
      <cmis:propertyId propertyDefinitionId="sf:Tags" sf:collectionType="IEnumerable">
        <cmis:value>4e171a6d-5c7a-4ff4-a75b-53ae26e9f4be</cmis:value>
        <cmis:value>2eef0a45-36c8-4699-bec0-a493542e1852</cmis:value>
      </cmis:propertyId>
      <cmis:propertyId propertyDefinitionId="sf:Category" sf:collectionType="IEnumerable" />
      <cmis:propertyId propertyDefinitionId="cmis:objectId">
        <cmis:value>c44b478a-1833-4ea5-a297-80fbeab7fc6c</cmis:value>
      </cmis:propertyId>
      <cmis:propertyString propertyDefinitionId="sf:Author">
        <cmis:value>Alan Shaerer</cmis:value>
      </cmis:propertyString>
      <cmis:propertyString propertyDefinitionId="cmis:objectTypeId">
        <cmis:value>Telerik.Sitefinity.News.Model.NewsItem</cmis:value>
      </cmis:propertyString>
      <cmis:propertyString propertyDefinitionId="sf:LangId">
        <cmis:value></cmis:value>
      </cmis:propertyString>
      <cmis:propertyString propertyDefinitionId="sf:ItemAction">
        <cmis:value>New</cmis:value>
      </cmis:propertyString>
    </cmis:properties>
  </cmisra:object>
  <cmisra:object>
    <cmis:properties>
      <cmis:propertyString propertyDefinitionId="sf:Summary">
        <cmis:value>Excepteur sint occaecat cupidatat non proident, sunt in culpa officia deserunt mollit anim id est laborum. Sed ut perspiciatis lorem150</cmis:value>
      </cmis:propertyString>
      <cmis:propertyString propertyDefinitionId="sf:Content">
        <cmis:value>&lt;p&gt;Lorem ipsum dolor sit amet, consectetur sita adipiscing elit. Proin molestie accumsan orci suneget placerat. Etiama faucibuss orci quis posuere vestibulu. Ut id purusos ultricies, dictumax quam id, ullamcorper urna. Curabitur sitdown nisi vitae nisi vestotana
    vestibul ut non massa. Aliquam erat volutpat. Morbi nect nunc et orci euismode finibus. Donec lobortis venenatis turpis. Aenean act congue arcu, nect porttitor magna. Nam consequa ligula nibh, in maximus gravida. Vivamus nuornare masa. Quisque sed
    honcus leo, ullamcorper auctor mi. Maecenas mollis purus, mattis nisl condimentum. Nam eros elementu, congue diam imperdiet, interdum tellus.&lt;/p&gt;&lt;p&gt;Mauris dapibus turpis vel ialis tempor. Morbi turpis leon, pulvinar vitae convallis vitae, scelerisque necto eros. Suspendisse vitae pharetra risus. Pellentesque varius, felis in lacinia faucibus, ipsum liula aliquam nulla, non honcus nunc ipsum eu risus.
    Nunc finibus euismod magna sagittis. Sed dictum libero consectetur.&lt;/p&gt;&lt;p&gt;Vivamus nisl metus, dictum sit amet porttitor sit amet, lobortis sit amet ipsum. Mauris ut quam non magna gravida egestas. Sed rutrum sapien eget lorem bibendum ullamcorper.
&lt;/p&gt;&lt;img sf-custom-thumbnail="true" src="[images%7COpenAccessDataProvider]f95b22a8-ca3a-4426-becc-fb79798a566b" style="float:right;" sf-size="59783" class="sf-immutable-selected -align-right" width="200" alt="51" sf-constrain-proportions="true" /&gt;&lt;ul&gt;&lt;li&gt;&lt;em class="fa fa-check-circle-o" aria-hidden="true"&gt;&lt;/em&gt;Duis blandit maximus tellus, sagittis volutpat tellus sandi.&lt;/li&gt;&lt;li&gt;&lt;em class="fa fa-check-circle-o" aria-hidden="true"&gt;&lt;/em&gt;Etiam vel auctor elit. Usaceros suscipit, lobortis felis non.&lt;/li&gt;&lt;li&gt;&lt;em class="fa fa-check-circle-o" aria-hidden="true"&gt;&lt;/em&gt;Integer sagittis finibus nequer, euster tincidunt misult.&lt;/li&gt;&lt;li&gt;&lt;em class="fa fa-check-circle-o" aria-hidden="true"&gt;&lt;/em&gt;Pellentesque euismod semeget diam ege&lt;/li&gt;&lt;/ul&gt;&lt;p&gt;Aliquam venenatis dui elit, et viverra mi maximus quis. Etiam vel auctor elit. Ut ac eros suscipit, lobortis felison, vulputate tellus. Suspendisse hendrerit aliquet lectus.&lt;/p&gt;&lt;p&gt;Mauris nisi arcu, consectetur convallis fringilla quis, posuere ac mauris. Ut in placerat lorem. Donec cursus malesuada nibhem, eget consectetur posuere sed. Suspendisse auctor nec diamet consectetur. Etiam ac maurised nisib tincidunt viverra. Sed nulla
    lacus, convallis vel nunc sed, fringilla venenatis neque.&lt;/p&gt;&lt;blockquote&gt;&lt;h6 class="quote-text"&gt;&amp;ldquo;Design is a funny word. Some people think design means how it looks. But of course, if you dig deeper, it's really how it works. The design of the Mac wasn't what it looked like, although that was part of it.&amp;rdquo;&lt;/h6&gt;&lt;h6 class="quote-name"&gt;STEVE JOBS&lt;/h6&gt;&lt;/blockquote&gt;&lt;p&gt;Phasellus laoreet mattis ultrices. Integer ex sem, ultrices eu sem in, laoreet vehicula ligula. Phasellus quistor blandit salah convallis augue. Sed velot dictum sapient. In pulvinar libero turpis. Quisque facilisis bigbang consenti. Nullam bendumaz,
    massan consequat in gravida porttitor, aguet lacus condimentum mauris, id blandit quam augue eget mana. Etiam denim jeans lacus, nascetur auge bibendum vel pulvinar viverra, mattis sit amet mi. Mauris fringilla, ex vitae maximus fringilla, neque sapien
    maximus justo, cursus risus neque sed nibh. Donec at urna eros scelerisque non nibh sed.&lt;/p&gt;</cmis:value>
      </cmis:propertyString>
      <cmis:propertyString propertyDefinitionId="sf:SourceName" />
      <cmis:propertyString propertyDefinitionId="sf:SourceSite" />
      <cmis:propertyString propertyDefinitionId="sf:CommentsConfigPath">
        <cmis:value>/NewsConfig/commentsSettings</cmis:value>
      </cmis:propertyString>
      <sf:Telerik.Sitefinity.News.Model.NewsUrlData propertyDefinitionId="sf:Urls" sf:collectionType="IEnumerable">
        <cmis:value>&lt;Telerik.Sitefinity.News.Model.NewsUrlData&gt;
  &lt;Culture&gt;127&lt;/Culture&gt;
  &lt;Disabled&gt;false&lt;/Disabled&gt;
  &lt;Id&gt;36b19b81-5f25-4132-8188-12d879bbf2fb&lt;/Id&gt;
  &lt;IsDefault&gt;true&lt;/IsDefault&gt;
  &lt;LastModified&gt;2020-02-06T23:06:51.02Z&lt;/LastModified&gt;
  &lt;QueryString /&gt;
  &lt;RedirectToDefault&gt;false&lt;/RedirectToDefault&gt;
  &lt;Url&gt;%2f2020%2f02%2f06%2ftake-a-romantic-break-in-a-boutique-hotel&lt;/Url&gt;
&lt;/Telerik.Sitefinity.News.Model.NewsUrlData&gt;</cmis:value>
      </sf:Telerik.Sitefinity.News.Model.NewsUrlData>
      <cmis:propertyBoolean propertyDefinitionId="sf:AutoGenerateUniqueUrl">
        <cmis:value>False</cmis:value>
      </cmis:propertyBoolean>
      <cmis:propertyString propertyDefinitionId="sf:ApprovalWorkflowState">
        <cmis:value>Published</cmis:value>
      </cmis:propertyString>
      <cmis:propertyId propertyDefinitionId="sf:Id">
        <cmis:value>37ab0a73-d511-41b2-a80b-de6d3595e5aa</cmis:value>
      </cmis:propertyId>
      <cmis:propertyString propertyDefinitionId="sf:Title">
        <cmis:value>Take A Romantic Break In A Boutique Hotel</cmis:value>
      </cmis:propertyString>
      <cmis:propertyString propertyDefinitionId="sf:Description">
        <cmis:value></cmis:value>
      </cmis:propertyString>
      <cmis:propertyString propertyDefinitionId="sf:UrlName">
        <cmis:value>take-a-romantic-break-in-a-boutique-hotel</cmis:value>
      </cmis:propertyString>
      <cmis:propertyId propertyDefinitionId="sf:DefaultPageId" />
      <cmis:propertyBoolean propertyDefinitionId="sf:IncludeInSitemap">
        <cmis:value>True</cmis:value>
      </cmis:propertyBoolean>
      <cmis:propertyInteger propertyDefinitionId="sf:Status">
        <cmis:value>2</cmis:value>
      </cmis:propertyInteger>
      <cmis:propertyInteger propertyDefinitionId="sf:PostRights">
        <cmis:value>1</cmis:value>
      </cmis:propertyInteger>
      <cmis:propertyBoolean propertyDefinitionId="sf:AllowTrackBacks" />
      <cmis:propertyBoolean propertyDefinitionId="sf:AllowComments">
        <cmis:value>True</cmis:value>
      </cmis:propertyBoolean>
      <cmis:propertyBoolean propertyDefinitionId="sf:ApproveComments">
        <cmis:value>False</cmis:value>
      </cmis:propertyBoolean>
      <cmis:propertyBoolean propertyDefinitionId="sf:EmailAuthor">
        <cmis:value>False</cmis:value>
      </cmis:propertyBoolean>
      <cmis:propertyBoolean propertyDefinitionId="sf:SupportsContentLifecycle">
        <cmis:value>True</cmis:value>
      </cmis:propertyBoolean>
      <cmis:propertyString propertyDefinitionId="sf:ContentState" />
      <cmis:propertyString propertyDefinitionId="sf:DraftCulture" />
      <cmis:propertyId propertyDefinitionId="sf:OriginalContentId">
        <cmis:value>0ba62fd9-f6b2-47bb-b8a7-422b1d06bcbb</cmis:value>
      </cmis:propertyId>
      <cmis:propertyString propertyDefinitionId="sf:SourceKey" />
      <cmis:propertyId propertyDefinitionId="sf:Tags" sf:collectionType="IEnumerable">
        <cmis:value>a9680fb2-a99e-4873-92e6-3a7cda6c28a6</cmis:value>
        <cmis:value>2f3ea6d4-a18b-4bd3-8800-84a64bdfcb72</cmis:value>
      </cmis:propertyId>
      <cmis:propertyId propertyDefinitionId="sf:Category" sf:collectionType="IEnumerable" />
      <cmis:propertyId propertyDefinitionId="cmis:objectId">
        <cmis:value>37ab0a73-d511-41b2-a80b-de6d3595e5aa</cmis:value>
      </cmis:propertyId>
      <cmis:propertyString propertyDefinitionId="sf:Author">
        <cmis:value>Alan Shaerer</cmis:value>
      </cmis:propertyString>
      <cmis:propertyString propertyDefinitionId="cmis:objectTypeId">
        <cmis:value>Telerik.Sitefinity.News.Model.NewsItem</cmis:value>
      </cmis:propertyString>
      <cmis:propertyString propertyDefinitionId="sf:LangId">
        <cmis:value></cmis:value>
      </cmis:propertyString>
      <cmis:propertyString propertyDefinitionId="sf:ItemAction">
        <cmis:value>New</cmis:value>
      </cmis:propertyString>
    </cmis:properties>
  </cmisra:object>
  <cmisra:object>
    <cmis:properties>
      <cmis:propertyString propertyDefinitionId="sf:Summary">
        <cmis:value>Excepteur sint occaecat cupidatat non proident, sunt in culpa officia deserunt mollit anim id est laborum. Sed ut perspiciatis lorem150</cmis:value>
      </cmis:propertyString>
      <cmis:propertyString propertyDefinitionId="sf:Content">
        <cmis:value>&lt;p&gt;Lorem ipsum dolor sit amet, consectetur sita adipiscing elit. Proin molestie accumsan orci suneget placerat. Etiama faucibuss orci quis posuere vestibulu. Ut id purusos ultricies, dictumax quam id, ullamcorper urna. Curabitur sitdown nisi vitae nisi vestotana
    vestibul ut non massa. Aliquam erat volutpat. Morbi nect nunc et orci euismode finibus. Donec lobortis venenatis turpis. Aenean act congue arcu, nect porttitor magna. Nam consequa ligula nibh, in maximus gravida. Vivamus nuornare masa. Quisque sed
    honcus leo, ullamcorper auctor mi. Maecenas mollis purus, mattis nisl condimentum. Nam eros elementu, congue diam imperdiet, interdum tellus.&lt;/p&gt;&lt;p&gt;Mauris dapibus turpis vel ialis tempor. Morbi turpis leon, pulvinar vitae convallis vitae, scelerisque necto eros. Suspendisse vitae pharetra risus. Pellentesque varius, felis in lacinia faucibus, ipsum liula aliquam nulla, non honcus nunc ipsum eu risus.
    Nunc finibus euismod magna sagittis. Sed dictum libero consectetur.&lt;/p&gt;&lt;p&gt;Vivamus nisl metus, dictum sit amet porttitor sit amet, lobortis sit amet ipsum. Mauris ut quam non magna gravida egestas. Sed rutrum sapien eget lorem bibendum ullamcorper.
&lt;/p&gt;&lt;img sf-custom-thumbnail="true" src="[images%7COpenAccessDataProvider]f95b22a8-ca3a-4426-becc-fb79798a566b" style="float:right;" sf-size="59783" class="sf-immutable-selected -align-right" width="200" alt="51" sf-constrain-proportions="true" /&gt;&lt;ul&gt;&lt;li&gt;&lt;em class="fa fa-check-circle-o" aria-hidden="true"&gt;&lt;/em&gt;Duis blandit maximus tellus, sagittis volutpat tellus sandi.&lt;/li&gt;&lt;li&gt;&lt;em class="fa fa-check-circle-o" aria-hidden="true"&gt;&lt;/em&gt;Etiam vel auctor elit. Usaceros suscipit, lobortis felis non.&lt;/li&gt;&lt;li&gt;&lt;em class="fa fa-check-circle-o" aria-hidden="true"&gt;&lt;/em&gt;Integer sagittis finibus nequer, euster tincidunt misult.&lt;/li&gt;&lt;li&gt;&lt;em class="fa fa-check-circle-o" aria-hidden="true"&gt;&lt;/em&gt;Pellentesque euismod semeget diam ege&lt;/li&gt;&lt;/ul&gt;&lt;p&gt;Aliquam venenatis dui elit, et viverra mi maximus quis. Etiam vel auctor elit. Ut ac eros suscipit, lobortis felison, vulputate tellus. Suspendisse hendrerit aliquet lectus.&lt;/p&gt;&lt;p&gt;Mauris nisi arcu, consectetur convallis fringilla quis, posuere ac mauris. Ut in placerat lorem. Donec cursus malesuada nibhem, eget consectetur posuere sed. Suspendisse auctor nec diamet consectetur. Etiam ac maurised nisib tincidunt viverra. Sed nulla
    lacus, convallis vel nunc sed, fringilla venenatis neque.&lt;/p&gt;&lt;blockquote&gt;&lt;h6 class="quote-text"&gt;&amp;ldquo;Design is a funny word. Some people think design means how it looks. But of course, if you dig deeper, it's really how it works. The design of the Mac wasn't what it looked like, although that was part of it.&amp;rdquo;&lt;/h6&gt;&lt;h6 class="quote-name"&gt;STEVE JOBS&lt;/h6&gt;&lt;/blockquote&gt;&lt;p&gt;Phasellus laoreet mattis ultrices. Integer ex sem, ultrices eu sem in, laoreet vehicula ligula. Phasellus quistor blandit salah convallis augue. Sed velot dictum sapient. In pulvinar libero turpis. Quisque facilisis bigbang consenti. Nullam bendumaz,
    massan consequat in gravida porttitor, aguet lacus condimentum mauris, id blandit quam augue eget mana. Etiam denim jeans lacus, nascetur auge bibendum vel pulvinar viverra, mattis sit amet mi. Mauris fringilla, ex vitae maximus fringilla, neque sapien
    maximus justo, cursus risus neque sed nibh. Donec at urna eros scelerisque non nibh sed.&lt;/p&gt;</cmis:value>
      </cmis:propertyString>
      <cmis:propertyString propertyDefinitionId="sf:SourceName" />
      <cmis:propertyString propertyDefinitionId="sf:SourceSite" />
      <cmis:propertyString propertyDefinitionId="sf:CommentsConfigPath">
        <cmis:value>/NewsConfig/commentsSettings</cmis:value>
      </cmis:propertyString>
      <sf:Telerik.Sitefinity.News.Model.NewsUrlData propertyDefinitionId="sf:Urls" sf:collectionType="IEnumerable">
        <cmis:value>&lt;Telerik.Sitefinity.News.Model.NewsUrlData&gt;
  &lt;Culture&gt;127&lt;/Culture&gt;
  &lt;Disabled&gt;false&lt;/Disabled&gt;
  &lt;Id&gt;337cd944-f382-4736-8a7c-e183aeb3e0ff&lt;/Id&gt;
  &lt;IsDefault&gt;true&lt;/IsDefault&gt;
  &lt;LastModified&gt;2020-02-06T23:05:57.133Z&lt;/LastModified&gt;
  &lt;QueryString /&gt;
  &lt;RedirectToDefault&gt;false&lt;/RedirectToDefault&gt;
  &lt;Url&gt;%2f2020%2f02%2f06%2faddiction-when-gambling-becomes-a-problem&lt;/Url&gt;
&lt;/Telerik.Sitefinity.News.Model.NewsUrlData&gt;</cmis:value>
      </sf:Telerik.Sitefinity.News.Model.NewsUrlData>
      <cmis:propertyBoolean propertyDefinitionId="sf:AutoGenerateUniqueUrl">
        <cmis:value>False</cmis:value>
      </cmis:propertyBoolean>
      <cmis:propertyString propertyDefinitionId="sf:ApprovalWorkflowState">
        <cmis:value>Published</cmis:value>
      </cmis:propertyString>
      <cmis:propertyId propertyDefinitionId="sf:Id">
        <cmis:value>e4776ae0-184c-4a30-a9eb-fe5ef5db6953</cmis:value>
      </cmis:propertyId>
      <cmis:propertyString propertyDefinitionId="sf:Title">
        <cmis:value>Addiction When Gambling Becomes A Problem</cmis:value>
      </cmis:propertyString>
      <cmis:propertyString propertyDefinitionId="sf:Description">
        <cmis:value></cmis:value>
      </cmis:propertyString>
      <cmis:propertyString propertyDefinitionId="sf:UrlName">
        <cmis:value>addiction-when-gambling-becomes-a-problem</cmis:value>
      </cmis:propertyString>
      <cmis:propertyId propertyDefinitionId="sf:DefaultPageId" />
      <cmis:propertyBoolean propertyDefinitionId="sf:IncludeInSitemap">
        <cmis:value>True</cmis:value>
      </cmis:propertyBoolean>
      <cmis:propertyInteger propertyDefinitionId="sf:Status">
        <cmis:value>2</cmis:value>
      </cmis:propertyInteger>
      <cmis:propertyInteger propertyDefinitionId="sf:PostRights">
        <cmis:value>1</cmis:value>
      </cmis:propertyInteger>
      <cmis:propertyBoolean propertyDefinitionId="sf:AllowTrackBacks" />
      <cmis:propertyBoolean propertyDefinitionId="sf:AllowComments">
        <cmis:value>True</cmis:value>
      </cmis:propertyBoolean>
      <cmis:propertyBoolean propertyDefinitionId="sf:ApproveComments">
        <cmis:value>False</cmis:value>
      </cmis:propertyBoolean>
      <cmis:propertyBoolean propertyDefinitionId="sf:EmailAuthor">
        <cmis:value>False</cmis:value>
      </cmis:propertyBoolean>
      <cmis:propertyBoolean propertyDefinitionId="sf:SupportsContentLifecycle">
        <cmis:value>True</cmis:value>
      </cmis:propertyBoolean>
      <cmis:propertyString propertyDefinitionId="sf:ContentState" />
      <cmis:propertyString propertyDefinitionId="sf:DraftCulture" />
      <cmis:propertyId propertyDefinitionId="sf:OriginalContentId">
        <cmis:value>2e55184b-eeee-406a-963f-0879116bd03b</cmis:value>
      </cmis:propertyId>
      <cmis:propertyString propertyDefinitionId="sf:SourceKey" />
      <cmis:propertyId propertyDefinitionId="sf:Tags" sf:collectionType="IEnumerable" />
      <cmis:propertyId propertyDefinitionId="sf:Category" sf:collectionType="IEnumerable" />
      <cmis:propertyId propertyDefinitionId="cmis:objectId">
        <cmis:value>e4776ae0-184c-4a30-a9eb-fe5ef5db6953</cmis:value>
      </cmis:propertyId>
      <cmis:propertyString propertyDefinitionId="sf:Author">
        <cmis:value>Alan Shaerer</cmis:value>
      </cmis:propertyString>
      <cmis:propertyString propertyDefinitionId="cmis:objectTypeId">
        <cmis:value>Telerik.Sitefinity.News.Model.NewsItem</cmis:value>
      </cmis:propertyString>
      <cmis:propertyString propertyDefinitionId="sf:LangId">
        <cmis:value></cmis:value>
      </cmis:propertyString>
      <cmis:propertyString propertyDefinitionId="sf:ItemAction">
        <cmis:value>New</cmis:value>
      </cmis:propertyString>
    </cmis:properties>
  </cmisra:object>
  <cmisra:object>
    <cmis:properties>
      <cmis:propertyString propertyDefinitionId="sf:Summary">
        <cmis:value>Excepteur sint occaecat cupidatat non proident, sunt in culpa officia deserunt mollit anim id est laborum. Sed ut perspiciatis lorem150</cmis:value>
      </cmis:propertyString>
      <cmis:propertyString propertyDefinitionId="sf:Content">
        <cmis:value>&lt;p&gt;Lorem ipsum dolor sit amet, consectetur sita adipiscing elit. Proin molestie accumsan orci suneget placerat. Etiama faucibuss orci quis posuere vestibulu. Ut id purusos ultricies, dictumax quam id, ullamcorper urna. Curabitur sitdown nisi vitae nisi vestotana
    vestibul ut non massa. Aliquam erat volutpat. Morbi nect nunc et orci euismode finibus. Donec lobortis venenatis turpis. Aenean act congue arcu, nect porttitor magna. Nam consequa ligula nibh, in maximus gravida. Vivamus nuornare masa. Quisque sed
    honcus leo, ullamcorper auctor mi. Maecenas mollis purus, mattis nisl condimentum. Nam eros elementu, congue diam imperdiet, interdum tellus.&lt;/p&gt;&lt;p&gt;Mauris dapibus turpis vel ialis tempor. Morbi turpis leon, pulvinar vitae convallis vitae, scelerisque necto eros. Suspendisse vitae pharetra risus. Pellentesque varius, felis in lacinia faucibus, ipsum liula aliquam nulla, non honcus nunc ipsum eu risus.
    Nunc finibus euismod magna sagittis. Sed dictum libero consectetur.&lt;/p&gt;&lt;p&gt;Vivamus nisl metus, dictum sit amet porttitor sit amet, lobortis sit amet ipsum. Mauris ut quam non magna gravida egestas. Sed rutrum sapien eget lorem bibendum ullamcorper.
&lt;/p&gt;&lt;img sf-custom-thumbnail="true" src="[images%7COpenAccessDataProvider]f95b22a8-ca3a-4426-becc-fb79798a566b" style="float:right;" sf-constrain-proportions="true" class="sf-immutable-selected -align-right" width="200" alt="51" sf-size="59783" /&gt;&lt;ul&gt;&lt;li&gt;&lt;em class="fa fa-check-circle-o" aria-hidden="true"&gt;&lt;/em&gt;Duis blandit maximus tellus, sagittis volutpat tellus sandi.&lt;/li&gt;&lt;li&gt;&lt;em class="fa fa-check-circle-o" aria-hidden="true"&gt;&lt;/em&gt;Etiam vel auctor elit. Usaceros suscipit, lobortis felis non.&lt;/li&gt;&lt;li&gt;&lt;em class="fa fa-check-circle-o" aria-hidden="true"&gt;&lt;/em&gt;Integer sagittis finibus nequer, euster tincidunt misult.&lt;/li&gt;&lt;li&gt;&lt;em class="fa fa-check-circle-o" aria-hidden="true"&gt;&lt;/em&gt;Pellentesque euismod semeget diam ege&lt;/li&gt;&lt;/ul&gt;&lt;p&gt;Aliquam venenatis dui elit, et viverra mi maximus quis. Etiam vel auctor elit. Ut ac eros suscipit, lobortis felison, vulputate tellus. Suspendisse hendrerit aliquet lectus.&lt;/p&gt;&lt;p&gt;Mauris nisi arcu, consectetur convallis fringilla quis, posuere ac mauris. Ut in placerat lorem. Donec cursus malesuada nibhem, eget consectetur posuere sed. Suspendisse auctor nec diamet consectetur. Etiam ac maurised nisib tincidunt viverra. Sed nulla
    lacus, convallis vel nunc sed, fringilla venenatis neque.&lt;/p&gt;&lt;blockquote&gt;&lt;h6 class="quote-text"&gt;&amp;ldquo;Design is a funny word. Some people think design means how it looks. But of course, if you dig deeper, it's really how it works. The design of the Mac wasn't what it looked like, although that was part of it.&amp;rdquo;&lt;/h6&gt;&lt;h6 class="quote-name"&gt;STEVE JOBS&lt;/h6&gt;&lt;/blockquote&gt;&lt;p&gt;Phasellus laoreet mattis ultrices. Integer ex sem, ultrices eu sem in, laoreet vehicula ligula. Phasellus quistor blandit salah convallis augue. Sed velot dictum sapient. In pulvinar libero turpis. Quisque facilisis bigbang consenti. Nullam bendumaz,
    massan consequat in gravida porttitor, aguet lacus condimentum mauris, id blandit quam augue eget mana. Etiam denim jeans lacus, nascetur auge bibendum vel pulvinar viverra, mattis sit amet mi. Mauris fringilla, ex vitae maximus fringilla, neque sapien
    maximus justo, cursus risus neque sed nibh. Donec at urna eros scelerisque non nibh sed.&lt;/p&gt;</cmis:value>
      </cmis:propertyString>
      <cmis:propertyString propertyDefinitionId="sf:SourceName" />
      <cmis:propertyString propertyDefinitionId="sf:SourceSite" />
      <cmis:propertyString propertyDefinitionId="sf:CommentsConfigPath">
        <cmis:value>/NewsConfig/commentsSettings</cmis:value>
      </cmis:propertyString>
      <sf:Telerik.Sitefinity.News.Model.NewsUrlData propertyDefinitionId="sf:Urls" sf:collectionType="IEnumerable">
        <cmis:value>&lt;Telerik.Sitefinity.News.Model.NewsUrlData&gt;
  &lt;Culture&gt;127&lt;/Culture&gt;
  &lt;Disabled&gt;false&lt;/Disabled&gt;
  &lt;Id&gt;af734598-d369-48ac-b852-d32677aca2a8&lt;/Id&gt;
  &lt;IsDefault&gt;true&lt;/IsDefault&gt;
  &lt;LastModified&gt;2020-02-06T23:05:36.403Z&lt;/LastModified&gt;
  &lt;QueryString /&gt;
  &lt;RedirectToDefault&gt;false&lt;/RedirectToDefault&gt;
  &lt;Url&gt;%2f2020%2f02%2f06%2ffamily-safari-vacation-to-the-home-of-the-gods&lt;/Url&gt;
&lt;/Telerik.Sitefinity.News.Model.NewsUrlData&gt;</cmis:value>
      </sf:Telerik.Sitefinity.News.Model.NewsUrlData>
      <cmis:propertyBoolean propertyDefinitionId="sf:AutoGenerateUniqueUrl">
        <cmis:value>False</cmis:value>
      </cmis:propertyBoolean>
      <cmis:propertyString propertyDefinitionId="sf:ApprovalWorkflowState">
        <cmis:value>Published</cmis:value>
      </cmis:propertyString>
      <cmis:propertyId propertyDefinitionId="sf:Id">
        <cmis:value>937c0052-bc55-44d9-a67d-2a6ab0fdd589</cmis:value>
      </cmis:propertyId>
      <cmis:propertyString propertyDefinitionId="sf:Title">
        <cmis:value>Family Safari Vacation To The Home Of The Gods</cmis:value>
      </cmis:propertyString>
      <cmis:propertyString propertyDefinitionId="sf:Description">
        <cmis:value></cmis:value>
      </cmis:propertyString>
      <cmis:propertyString propertyDefinitionId="sf:UrlName">
        <cmis:value>family-safari-vacation-to-the-home-of-the-gods</cmis:value>
      </cmis:propertyString>
      <cmis:propertyId propertyDefinitionId="sf:DefaultPageId" />
      <cmis:propertyBoolean propertyDefinitionId="sf:IncludeInSitemap">
        <cmis:value>True</cmis:value>
      </cmis:propertyBoolean>
      <cmis:propertyInteger propertyDefinitionId="sf:Status">
        <cmis:value>2</cmis:value>
      </cmis:propertyInteger>
      <cmis:propertyInteger propertyDefinitionId="sf:PostRights">
        <cmis:value>1</cmis:value>
      </cmis:propertyInteger>
      <cmis:propertyBoolean propertyDefinitionId="sf:AllowTrackBacks" />
      <cmis:propertyBoolean propertyDefinitionId="sf:AllowComments">
        <cmis:value>True</cmis:value>
      </cmis:propertyBoolean>
      <cmis:propertyBoolean propertyDefinitionId="sf:ApproveComments">
        <cmis:value>False</cmis:value>
      </cmis:propertyBoolean>
      <cmis:propertyBoolean propertyDefinitionId="sf:EmailAuthor">
        <cmis:value>False</cmis:value>
      </cmis:propertyBoolean>
      <cmis:propertyBoolean propertyDefinitionId="sf:SupportsContentLifecycle">
        <cmis:value>True</cmis:value>
      </cmis:propertyBoolean>
      <cmis:propertyString propertyDefinitionId="sf:ContentState" />
      <cmis:propertyString propertyDefinitionId="sf:DraftCulture" />
      <cmis:propertyId propertyDefinitionId="sf:OriginalContentId">
        <cmis:value>e99de2bf-02ca-4f68-a657-d2708bd85e7f</cmis:value>
      </cmis:propertyId>
      <cmis:propertyString propertyDefinitionId="sf:SourceKey" />
      <cmis:propertyId propertyDefinitionId="sf:Tags" sf:collectionType="IEnumerable">
        <cmis:value>2eef0a45-36c8-4699-bec0-a493542e1852</cmis:value>
        <cmis:value>b3a71a00-f4d7-4083-88ff-8119b7a23d69</cmis:value>
      </cmis:propertyId>
      <cmis:propertyId propertyDefinitionId="sf:Category" sf:collectionType="IEnumerable" />
      <cmis:propertyId propertyDefinitionId="cmis:objectId">
        <cmis:value>937c0052-bc55-44d9-a67d-2a6ab0fdd589</cmis:value>
      </cmis:propertyId>
      <cmis:propertyString propertyDefinitionId="sf:Author">
        <cmis:value>Alan Shaerer</cmis:value>
      </cmis:propertyString>
      <cmis:propertyString propertyDefinitionId="cmis:objectTypeId">
        <cmis:value>Telerik.Sitefinity.News.Model.NewsItem</cmis:value>
      </cmis:propertyString>
      <cmis:propertyString propertyDefinitionId="sf:LangId">
        <cmis:value></cmis:value>
      </cmis:propertyString>
      <cmis:propertyString propertyDefinitionId="sf:ItemAction">
        <cmis:value>New</cmis:value>
      </cmis:propertyString>
    </cmis:properties>
  </cmisra:object>
  <cmisra:object>
    <cmis:properties>
      <cmis:propertyString propertyDefinitionId="sf:Summary">
        <cmis:value>Excepteur sint occaecat cupidatat non proident, sunt in culpa officia deserunt mollit anim id est laborum. Sed ut perspiciatis lorem150</cmis:value>
      </cmis:propertyString>
      <cmis:propertyString propertyDefinitionId="sf:Content">
        <cmis:value>&lt;p&gt;Lorem ipsum dolor sit amet, consectetur sita adipiscing elit. Proin molestie accumsan orci suneget placerat. Etiama faucibuss orci quis posuere vestibulu. Ut id purusos ultricies, dictumax quam id, ullamcorper urna. Curabitur sitdown nisi vitae nisi vestotana
    vestibul ut non massa. Aliquam erat volutpat. Morbi nect nunc et orci euismode finibus. Donec lobortis venenatis turpis. Aenean act congue arcu, nect porttitor magna. Nam consequa ligula nibh, in maximus gravida. Vivamus nuornare masa. Quisque sed
    honcus leo, ullamcorper auctor mi. Maecenas mollis purus, mattis nisl condimentum. Nam eros elementu, congue diam imperdiet, interdum tellus.&lt;/p&gt;&lt;p&gt;Mauris dapibus turpis vel ialis tempor. Morbi turpis leon, pulvinar vitae convallis vitae, scelerisque necto eros. Suspendisse vitae pharetra risus. Pellentesque varius, felis in lacinia faucibus, ipsum liula aliquam nulla, non honcus nunc ipsum eu risus.
    Nunc finibus euismod magna sagittis. Sed dictum libero consectetur.&lt;/p&gt;&lt;p&gt;Vivamus nisl metus, dictum sit amet porttitor sit amet, lobortis sit amet ipsum. Mauris ut quam non magna gravida egestas. Sed rutrum sapien eget lorem bibendum ullamcorper.
&lt;/p&gt;&lt;img sf-custom-thumbnail="true" src="[images%7COpenAccessDataProvider]f95b22a8-ca3a-4426-becc-fb79798a566b" style="float:right;" sf-size="59783" class="sf-immutable-selected -align-right" width="200" alt="51" sf-constrain-proportions="true" /&gt;&lt;ul&gt;&lt;li&gt;&lt;em class="fa fa-check-circle-o" aria-hidden="true"&gt;&lt;/em&gt;Duis blandit maximus tellus, sagittis volutpat tellus sandi.&lt;/li&gt;&lt;li&gt;&lt;em class="fa fa-check-circle-o" aria-hidden="true"&gt;&lt;/em&gt;Etiam vel auctor elit. Usaceros suscipit, lobortis felis non.&lt;/li&gt;&lt;li&gt;&lt;em class="fa fa-check-circle-o" aria-hidden="true"&gt;&lt;/em&gt;Integer sagittis finibus nequer, euster tincidunt misult.&lt;/li&gt;&lt;li&gt;&lt;em class="fa fa-check-circle-o" aria-hidden="true"&gt;&lt;/em&gt;Pellentesque euismod semeget diam ege&lt;/li&gt;&lt;/ul&gt;&lt;p&gt;Aliquam venenatis dui elit, et viverra mi maximus quis. Etiam vel auctor elit. Ut ac eros suscipit, lobortis felison, vulputate tellus. Suspendisse hendrerit aliquet lectus.&lt;/p&gt;&lt;p&gt;Mauris nisi arcu, consectetur convallis fringilla quis, posuere ac mauris. Ut in placerat lorem. Donec cursus malesuada nibhem, eget consectetur posuere sed. Suspendisse auctor nec diamet consectetur. Etiam ac maurised nisib tincidunt viverra. Sed nulla
    lacus, convallis vel nunc sed, fringilla venenatis neque.&lt;/p&gt;&lt;blockquote&gt;&lt;h6 class="quote-text"&gt;&amp;ldquo;Design is a funny word. Some people think design means how it looks. But of course, if you dig deeper, it's really how it works. The design of the Mac wasn't what it looked like, although that was part of it.&amp;rdquo;&lt;/h6&gt;&lt;h6 class="quote-name"&gt;STEVE JOBS&lt;/h6&gt;&lt;/blockquote&gt;&lt;p&gt;Phasellus laoreet mattis ultrices. Integer ex sem, ultrices eu sem in, laoreet vehicula ligula. Phasellus quistor blandit salah convallis augue. Sed velot dictum sapient. In pulvinar libero turpis. Quisque facilisis bigbang consenti. Nullam bendumaz,
    massan consequat in gravida porttitor, aguet lacus condimentum mauris, id blandit quam augue eget mana. Etiam denim jeans lacus, nascetur auge bibendum vel pulvinar viverra, mattis sit amet mi. Mauris fringilla, ex vitae maximus fringilla, neque sapien
    maximus justo, cursus risus neque sed nibh. Donec at urna eros scelerisque non nibh sed.&lt;/p&gt;</cmis:value>
      </cmis:propertyString>
      <cmis:propertyString propertyDefinitionId="sf:SourceName" />
      <cmis:propertyString propertyDefinitionId="sf:SourceSite" />
      <cmis:propertyString propertyDefinitionId="sf:CommentsConfigPath">
        <cmis:value>/NewsConfig/commentsSettings</cmis:value>
      </cmis:propertyString>
      <sf:Telerik.Sitefinity.News.Model.NewsUrlData propertyDefinitionId="sf:Urls" sf:collectionType="IEnumerable">
        <cmis:value>&lt;Telerik.Sitefinity.News.Model.NewsUrlData&gt;
  &lt;Culture&gt;127&lt;/Culture&gt;
  &lt;Disabled&gt;false&lt;/Disabled&gt;
  &lt;Id&gt;92096a0b-1e73-4de3-9f9a-c76f13d8228d&lt;/Id&gt;
  &lt;IsDefault&gt;true&lt;/IsDefault&gt;
  &lt;LastModified&gt;2020-02-06T23:04:47.633Z&lt;/LastModified&gt;
  &lt;QueryString /&gt;
  &lt;RedirectToDefault&gt;false&lt;/RedirectToDefault&gt;
  &lt;Url&gt;%2f2020%2f02%2f06%2fwill-the-democrats-be-able-to-reverse-the-online-gambling-ban&lt;/Url&gt;
&lt;/Telerik.Sitefinity.News.Model.NewsUrlData&gt;</cmis:value>
      </sf:Telerik.Sitefinity.News.Model.NewsUrlData>
      <cmis:propertyBoolean propertyDefinitionId="sf:AutoGenerateUniqueUrl">
        <cmis:value>False</cmis:value>
      </cmis:propertyBoolean>
      <cmis:propertyString propertyDefinitionId="sf:ApprovalWorkflowState">
        <cmis:value>Published</cmis:value>
      </cmis:propertyString>
      <cmis:propertyId propertyDefinitionId="sf:Id">
        <cmis:value>cad20015-cc27-4014-aa27-460561951028</cmis:value>
      </cmis:propertyId>
      <cmis:propertyString propertyDefinitionId="sf:Title">
        <cmis:value>Will The Democrats Be Able To Reverse The Online Gambling Ban</cmis:value>
      </cmis:propertyString>
      <cmis:propertyString propertyDefinitionId="sf:Description">
        <cmis:value></cmis:value>
      </cmis:propertyString>
      <cmis:propertyString propertyDefinitionId="sf:UrlName">
        <cmis:value>will-the-democrats-be-able-to-reverse-the-online-gambling-ban</cmis:value>
      </cmis:propertyString>
      <cmis:propertyId propertyDefinitionId="sf:DefaultPageId" />
      <cmis:propertyBoolean propertyDefinitionId="sf:IncludeInSitemap">
        <cmis:value>True</cmis:value>
      </cmis:propertyBoolean>
      <cmis:propertyInteger propertyDefinitionId="sf:Status">
        <cmis:value>2</cmis:value>
      </cmis:propertyInteger>
      <cmis:propertyInteger propertyDefinitionId="sf:PostRights">
        <cmis:value>1</cmis:value>
      </cmis:propertyInteger>
      <cmis:propertyBoolean propertyDefinitionId="sf:AllowTrackBacks" />
      <cmis:propertyBoolean propertyDefinitionId="sf:AllowComments">
        <cmis:value>True</cmis:value>
      </cmis:propertyBoolean>
      <cmis:propertyBoolean propertyDefinitionId="sf:ApproveComments">
        <cmis:value>False</cmis:value>
      </cmis:propertyBoolean>
      <cmis:propertyBoolean propertyDefinitionId="sf:EmailAuthor">
        <cmis:value>False</cmis:value>
      </cmis:propertyBoolean>
      <cmis:propertyBoolean propertyDefinitionId="sf:SupportsContentLifecycle">
        <cmis:value>True</cmis:value>
      </cmis:propertyBoolean>
      <cmis:propertyString propertyDefinitionId="sf:ContentState" />
      <cmis:propertyString propertyDefinitionId="sf:DraftCulture" />
      <cmis:propertyId propertyDefinitionId="sf:OriginalContentId">
        <cmis:value>910304a5-d0d3-4801-9384-b772e18ab86c</cmis:value>
      </cmis:propertyId>
      <cmis:propertyString propertyDefinitionId="sf:SourceKey" />
      <cmis:propertyId propertyDefinitionId="sf:Tags" sf:collectionType="IEnumerable">
        <cmis:value>8e2fb46e-1158-4685-a24b-da87ad746963</cmis:value>
      </cmis:propertyId>
      <cmis:propertyId propertyDefinitionId="sf:Category" sf:collectionType="IEnumerable" />
      <cmis:propertyId propertyDefinitionId="cmis:objectId">
        <cmis:value>cad20015-cc27-4014-aa27-460561951028</cmis:value>
      </cmis:propertyId>
      <cmis:propertyString propertyDefinitionId="sf:Author">
        <cmis:value>Alan Shaerer</cmis:value>
      </cmis:propertyString>
      <cmis:propertyString propertyDefinitionId="cmis:objectTypeId">
        <cmis:value>Telerik.Sitefinity.News.Model.NewsItem</cmis:value>
      </cmis:propertyString>
      <cmis:propertyString propertyDefinitionId="sf:LangId">
        <cmis:value></cmis:value>
      </cmis:propertyString>
      <cmis:propertyString propertyDefinitionId="sf:ItemAction">
        <cmis:value>New</cmis:value>
      </cmis:propertyString>
    </cmis:properties>
  </cmisra:object>
  <cmisra:object>
    <cmis:properties>
      <cmis:propertyString propertyDefinitionId="sf:Summary">
        <cmis:value>Excepteur sint occaecat cupidatat non proident, sunt in culpa officia deserunt mollit anim id est laborum. Sed ut perspiciatis lorem150</cmis:value>
      </cmis:propertyString>
      <cmis:propertyString propertyDefinitionId="sf:Content">
        <cmis:value>&lt;p&gt;Lorem ipsum dolor sit amet, consectetur sita adipiscing elit. Proin molestie accumsan orci suneget placerat. Etiama faucibuss orci quis posuere vestibulu. Ut id purusos ultricies, dictumax quam id, ullamcorper urna. Curabitur sitdown nisi vitae nisi vestotana
    vestibul ut non massa. Aliquam erat volutpat. Morbi nect nunc et orci euismode finibus. Donec lobortis venenatis turpis. Aenean act congue arcu, nect porttitor magna. Nam consequa ligula nibh, in maximus gravida. Vivamus nuornare masa. Quisque sed
    honcus leo, ullamcorper auctor mi. Maecenas mollis purus, mattis nisl condimentum. Nam eros elementu, congue diam imperdiet, interdum tellus.&lt;/p&gt;&lt;p&gt;Mauris dapibus turpis vel ialis tempor. Morbi turpis leon, pulvinar vitae convallis vitae, scelerisque necto eros. Suspendisse vitae pharetra risus. Pellentesque varius, felis in lacinia faucibus, ipsum liula aliquam nulla, non honcus nunc ipsum eu risus.
    Nunc finibus euismod magna sagittis. Sed dictum libero consectetur.&lt;/p&gt;&lt;p&gt;Vivamus nisl metus, dictum sit amet porttitor sit amet, lobortis sit amet ipsum. Mauris ut quam non magna gravida egestas. Sed rutrum sapien eget lorem bibendum ullamcorper.
&lt;/p&gt;&lt;img sf-custom-thumbnail="true" src="[images%7COpenAccessDataProvider]f95b22a8-ca3a-4426-becc-fb79798a566b" style="float:right;" sf-size="59783" class="sf-immutable-selected -align-right" width="200" alt="51" sf-constrain-proportions="true" /&gt;&lt;ul&gt;&lt;li&gt;&lt;em class="fa fa-check-circle-o" aria-hidden="true"&gt;&lt;/em&gt;Duis blandit maximus tellus, sagittis volutpat tellus sandi.&lt;/li&gt;&lt;li&gt;&lt;em class="fa fa-check-circle-o" aria-hidden="true"&gt;&lt;/em&gt;Etiam vel auctor elit. Usaceros suscipit, lobortis felis non.&lt;/li&gt;&lt;li&gt;&lt;em class="fa fa-check-circle-o" aria-hidden="true"&gt;&lt;/em&gt;Integer sagittis finibus nequer, euster tincidunt misult.&lt;/li&gt;&lt;li&gt;&lt;em class="fa fa-check-circle-o" aria-hidden="true"&gt;&lt;/em&gt;Pellentesque euismod semeget diam ege&lt;/li&gt;&lt;/ul&gt;&lt;p&gt;Aliquam venenatis dui elit, et viverra mi maximus quis. Etiam vel auctor elit. Ut ac eros suscipit, lobortis felison, vulputate tellus. Suspendisse hendrerit aliquet lectus.&lt;/p&gt;&lt;p&gt;Mauris nisi arcu, consectetur convallis fringilla quis, posuere ac mauris. Ut in placerat lorem. Donec cursus malesuada nibhem, eget consectetur posuere sed. Suspendisse auctor nec diamet consectetur. Etiam ac maurised nisib tincidunt viverra. Sed nulla
    lacus, convallis vel nunc sed, fringilla venenatis neque.&lt;/p&gt;&lt;blockquote&gt;&lt;h6 class="quote-text"&gt;&amp;ldquo;Design is a funny word. Some people think design means how it looks. But of course, if you dig deeper, it's really how it works. The design of the Mac wasn't what it looked like, although that was part of it.&amp;rdquo;&lt;/h6&gt;&lt;h6 class="quote-name"&gt;STEVE JOBS&lt;/h6&gt;&lt;/blockquote&gt;&lt;p&gt;Phasellus laoreet mattis ultrices. Integer ex sem, ultrices eu sem in, laoreet vehicula ligula. Phasellus quistor blandit salah convallis augue. Sed velot dictum sapient. In pulvinar libero turpis. Quisque facilisis bigbang consenti. Nullam bendumaz,
    massan consequat in gravida porttitor, aguet lacus condimentum mauris, id blandit quam augue eget mana. Etiam denim jeans lacus, nascetur auge bibendum vel pulvinar viverra, mattis sit amet mi. Mauris fringilla, ex vitae maximus fringilla, neque sapien
    maximus justo, cursus risus neque sed nibh. Donec at urna eros scelerisque non nibh sed.&lt;/p&gt;</cmis:value>
      </cmis:propertyString>
      <cmis:propertyString propertyDefinitionId="sf:SourceName" />
      <cmis:propertyString propertyDefinitionId="sf:SourceSite" />
      <cmis:propertyString propertyDefinitionId="sf:CommentsConfigPath">
        <cmis:value>/NewsConfig/commentsSettings</cmis:value>
      </cmis:propertyString>
      <sf:Telerik.Sitefinity.News.Model.NewsUrlData propertyDefinitionId="sf:Urls" sf:collectionType="IEnumerable">
        <cmis:value>&lt;Telerik.Sitefinity.News.Model.NewsUrlData&gt;
  &lt;Culture&gt;127&lt;/Culture&gt;
  &lt;Disabled&gt;false&lt;/Disabled&gt;
  &lt;Id&gt;4b0aec3a-7483-4c59-a9df-a5619bcfec89&lt;/Id&gt;
  &lt;IsDefault&gt;true&lt;/IsDefault&gt;
  &lt;LastModified&gt;2020-02-06T23:02:54.87Z&lt;/LastModified&gt;
  &lt;QueryString /&gt;
  &lt;RedirectToDefault&gt;false&lt;/RedirectToDefault&gt;
  &lt;Url&gt;%2f2020%2f02%2f06%2fthe-luxury-of-traveling-with-yacht-charter-companies&lt;/Url&gt;
&lt;/Telerik.Sitefinity.News.Model.NewsUrlData&gt;</cmis:value>
      </sf:Telerik.Sitefinity.News.Model.NewsUrlData>
      <cmis:propertyBoolean propertyDefinitionId="sf:AutoGenerateUniqueUrl">
        <cmis:value>False</cmis:value>
      </cmis:propertyBoolean>
      <cmis:propertyString propertyDefinitionId="sf:ApprovalWorkflowState">
        <cmis:value>Published</cmis:value>
      </cmis:propertyString>
      <cmis:propertyId propertyDefinitionId="sf:Id">
        <cmis:value>e44b3082-78b7-4456-84f0-d117aaa62845</cmis:value>
      </cmis:propertyId>
      <cmis:propertyString propertyDefinitionId="sf:Title">
        <cmis:value>The Luxury Of Traveling With Yacht Charter Companies</cmis:value>
      </cmis:propertyString>
      <cmis:propertyString propertyDefinitionId="sf:Description">
        <cmis:value></cmis:value>
      </cmis:propertyString>
      <cmis:propertyString propertyDefinitionId="sf:UrlName">
        <cmis:value>the-luxury-of-traveling-with-yacht-charter-companies</cmis:value>
      </cmis:propertyString>
      <cmis:propertyId propertyDefinitionId="sf:DefaultPageId" />
      <cmis:propertyBoolean propertyDefinitionId="sf:IncludeInSitemap">
        <cmis:value>True</cmis:value>
      </cmis:propertyBoolean>
      <cmis:propertyInteger propertyDefinitionId="sf:Status">
        <cmis:value>2</cmis:value>
      </cmis:propertyInteger>
      <cmis:propertyInteger propertyDefinitionId="sf:PostRights">
        <cmis:value>1</cmis:value>
      </cmis:propertyInteger>
      <cmis:propertyBoolean propertyDefinitionId="sf:AllowTrackBacks" />
      <cmis:propertyBoolean propertyDefinitionId="sf:AllowComments">
        <cmis:value>True</cmis:value>
      </cmis:propertyBoolean>
      <cmis:propertyBoolean propertyDefinitionId="sf:ApproveComments">
        <cmis:value>False</cmis:value>
      </cmis:propertyBoolean>
      <cmis:propertyBoolean propertyDefinitionId="sf:EmailAuthor">
        <cmis:value>False</cmis:value>
      </cmis:propertyBoolean>
      <cmis:propertyBoolean propertyDefinitionId="sf:SupportsContentLifecycle">
        <cmis:value>True</cmis:value>
      </cmis:propertyBoolean>
      <cmis:propertyString propertyDefinitionId="sf:ContentState" />
      <cmis:propertyString propertyDefinitionId="sf:DraftCulture" />
      <cmis:propertyId propertyDefinitionId="sf:OriginalContentId">
        <cmis:value>07f6afa8-63b9-4dcd-95c7-2238963777ac</cmis:value>
      </cmis:propertyId>
      <cmis:propertyString propertyDefinitionId="sf:SourceKey" />
      <cmis:propertyId propertyDefinitionId="sf:Tags" sf:collectionType="IEnumerable">
        <cmis:value>9eb28628-e0b2-4191-a85a-ea2c5e762a77</cmis:value>
      </cmis:propertyId>
      <cmis:propertyId propertyDefinitionId="sf:Category" sf:collectionType="IEnumerable" />
      <cmis:propertyId propertyDefinitionId="cmis:objectId">
        <cmis:value>e44b3082-78b7-4456-84f0-d117aaa62845</cmis:value>
      </cmis:propertyId>
      <cmis:propertyString propertyDefinitionId="sf:Author">
        <cmis:value>Alan Shaerer</cmis:value>
      </cmis:propertyString>
      <cmis:propertyString propertyDefinitionId="cmis:objectTypeId">
        <cmis:value>Telerik.Sitefinity.News.Model.NewsItem</cmis:value>
      </cmis:propertyString>
      <cmis:propertyString propertyDefinitionId="sf:LangId">
        <cmis:value></cmis:value>
      </cmis:propertyString>
      <cmis:propertyString propertyDefinitionId="sf:ItemAction">
        <cmis:value>New</cmis:value>
      </cmis:propertyString>
    </cmis:properties>
  </cmisra:object>
  <cmisra:object>
    <cmis:properties>
      <cmis:propertyString propertyDefinitionId="sf:Summary">
        <cmis:value>Excepteur sint occaecat cupidatat non proident, sunt in culpa officia deserunt mollit anim id est laborum. Sed ut perspiciatis lorem150</cmis:value>
      </cmis:propertyString>
      <cmis:propertyString propertyDefinitionId="sf:Content">
        <cmis:value>&lt;p&gt;Lorem ipsum dolor sit amet, consectetur sita adipiscing elit. Proin molestie accumsan orci suneget placerat. Etiama faucibuss orci quis posuere vestibulu. Ut id purusos ultricies, dictumax quam id, ullamcorper urna. Curabitur sitdown nisi vitae nisi vestotana
    vestibul ut non massa. Aliquam erat volutpat. Morbi nect nunc et orci euismode finibus. Donec lobortis venenatis turpis. Aenean act congue arcu, nect porttitor magna. Nam consequa ligula nibh, in maximus gravida. Vivamus nuornare masa. Quisque sed
    honcus leo, ullamcorper auctor mi. Maecenas mollis purus, mattis nisl condimentum. Nam eros elementu, congue diam imperdiet, interdum tellus.&lt;/p&gt;&lt;p&gt;Mauris dapibus turpis vel ialis tempor. Morbi turpis leon, pulvinar vitae convallis vitae, scelerisque necto eros. Suspendisse vitae pharetra risus. Pellentesque varius, felis in lacinia faucibus, ipsum liula aliquam nulla, non honcus nunc ipsum eu risus.
    Nunc finibus euismod magna sagittis. Sed dictum libero consectetur.&lt;/p&gt;&lt;p&gt;Vivamus nisl metus, dictum sit amet porttitor sit amet, lobortis sit amet ipsum. Mauris ut quam non magna gravida egestas. Sed rutrum sapien eget lorem bibendum ullamcorper.
&lt;/p&gt;&lt;img sf-custom-thumbnail="true" src="[images%7COpenAccessDataProvider]f95b22a8-ca3a-4426-becc-fb79798a566b" style="float:right;" sf-size="59783" class="sf-immutable-selected -align-right" width="200" alt="51" sf-constrain-proportions="true" /&gt;&lt;ul&gt;&lt;li&gt;&lt;em class="fa fa-check-circle-o" aria-hidden="true"&gt;&lt;/em&gt;Duis blandit maximus tellus, sagittis volutpat tellus sandi.&lt;/li&gt;&lt;li&gt;&lt;em class="fa fa-check-circle-o" aria-hidden="true"&gt;&lt;/em&gt;Etiam vel auctor elit. Usaceros suscipit, lobortis felis non.&lt;/li&gt;&lt;li&gt;&lt;em class="fa fa-check-circle-o" aria-hidden="true"&gt;&lt;/em&gt;Integer sagittis finibus nequer, euster tincidunt misult.&lt;/li&gt;&lt;li&gt;&lt;em class="fa fa-check-circle-o" aria-hidden="true"&gt;&lt;/em&gt;Pellentesque euismod semeget diam ege&lt;/li&gt;&lt;/ul&gt;&lt;p&gt;Aliquam venenatis dui elit, et viverra mi maximus quis. Etiam vel auctor elit. Ut ac eros suscipit, lobortis felison, vulputate tellus. Suspendisse hendrerit aliquet lectus.&lt;/p&gt;&lt;p&gt;Mauris nisi arcu, consectetur convallis fringilla quis, posuere ac mauris. Ut in placerat lorem. Donec cursus malesuada nibhem, eget consectetur posuere sed. Suspendisse auctor nec diamet consectetur. Etiam ac maurised nisib tincidunt viverra. Sed nulla
    lacus, convallis vel nunc sed, fringilla venenatis neque.&lt;/p&gt;&lt;blockquote&gt;&lt;h6 class="quote-text"&gt;&amp;ldquo;Design is a funny word. Some people think design means how it looks. But of course, if you dig deeper, it's really how it works. The design of the Mac wasn't what it looked like, although that was part of it.&amp;rdquo;&lt;/h6&gt;&lt;h6 class="quote-name"&gt;STEVE JOBS&lt;/h6&gt;&lt;/blockquote&gt;&lt;p&gt;Phasellus laoreet mattis ultrices. Integer ex sem, ultrices eu sem in, laoreet vehicula ligula. Phasellus quistor blandit salah convallis augue. Sed velot dictum sapient. In pulvinar libero turpis. Quisque facilisis bigbang consenti. Nullam bendumaz,
    massan consequat in gravida porttitor, aguet lacus condimentum mauris, id blandit quam augue eget mana. Etiam denim jeans lacus, nascetur auge bibendum vel pulvinar viverra, mattis sit amet mi. Mauris fringilla, ex vitae maximus fringilla, neque sapien
    maximus justo, cursus risus neque sed nibh. Donec at urna eros scelerisque non nibh sed.&lt;/p&gt;</cmis:value>
      </cmis:propertyString>
      <cmis:propertyString propertyDefinitionId="sf:SourceName" />
      <cmis:propertyString propertyDefinitionId="sf:SourceSite" />
      <cmis:propertyString propertyDefinitionId="sf:CommentsConfigPath">
        <cmis:value>/NewsConfig/commentsSettings</cmis:value>
      </cmis:propertyString>
      <sf:Telerik.Sitefinity.News.Model.NewsUrlData propertyDefinitionId="sf:Urls" sf:collectionType="IEnumerable">
        <cmis:value>&lt;Telerik.Sitefinity.News.Model.NewsUrlData&gt;
  &lt;Culture&gt;127&lt;/Culture&gt;
  &lt;Disabled&gt;false&lt;/Disabled&gt;
  &lt;Id&gt;8c67c223-7e22-4027-a570-25b48820ccca&lt;/Id&gt;
  &lt;IsDefault&gt;true&lt;/IsDefault&gt;
  &lt;LastModified&gt;2020-02-06T23:03:24.813Z&lt;/LastModified&gt;
  &lt;QueryString /&gt;
  &lt;RedirectToDefault&gt;false&lt;/RedirectToDefault&gt;
  &lt;Url&gt;%2f2020%2f02%2f06%2fglobal-travel-and-vacations-luxury-travel-on-a-tight-budget&lt;/Url&gt;
&lt;/Telerik.Sitefinity.News.Model.NewsUrlData&gt;</cmis:value>
      </sf:Telerik.Sitefinity.News.Model.NewsUrlData>
      <cmis:propertyBoolean propertyDefinitionId="sf:AutoGenerateUniqueUrl">
        <cmis:value>False</cmis:value>
      </cmis:propertyBoolean>
      <cmis:propertyString propertyDefinitionId="sf:ApprovalWorkflowState">
        <cmis:value>Published</cmis:value>
      </cmis:propertyString>
      <cmis:propertyId propertyDefinitionId="sf:Id">
        <cmis:value>57194050-79f3-4800-a952-d012da7e5a98</cmis:value>
      </cmis:propertyId>
      <cmis:propertyString propertyDefinitionId="sf:Title">
        <cmis:value>Global Travel And Vacations Luxury Travel On A Tight Budget</cmis:value>
      </cmis:propertyString>
      <cmis:propertyString propertyDefinitionId="sf:Description">
        <cmis:value></cmis:value>
      </cmis:propertyString>
      <cmis:propertyString propertyDefinitionId="sf:UrlName">
        <cmis:value>global-travel-and-vacations-luxury-travel-on-a-tight-budget</cmis:value>
      </cmis:propertyString>
      <cmis:propertyId propertyDefinitionId="sf:DefaultPageId" />
      <cmis:propertyBoolean propertyDefinitionId="sf:IncludeInSitemap">
        <cmis:value>True</cmis:value>
      </cmis:propertyBoolean>
      <cmis:propertyInteger propertyDefinitionId="sf:Status">
        <cmis:value>2</cmis:value>
      </cmis:propertyInteger>
      <cmis:propertyInteger propertyDefinitionId="sf:PostRights">
        <cmis:value>1</cmis:value>
      </cmis:propertyInteger>
      <cmis:propertyBoolean propertyDefinitionId="sf:AllowTrackBacks" />
      <cmis:propertyBoolean propertyDefinitionId="sf:AllowComments">
        <cmis:value>True</cmis:value>
      </cmis:propertyBoolean>
      <cmis:propertyBoolean propertyDefinitionId="sf:ApproveComments">
        <cmis:value>False</cmis:value>
      </cmis:propertyBoolean>
      <cmis:propertyBoolean propertyDefinitionId="sf:EmailAuthor">
        <cmis:value>False</cmis:value>
      </cmis:propertyBoolean>
      <cmis:propertyBoolean propertyDefinitionId="sf:SupportsContentLifecycle">
        <cmis:value>True</cmis:value>
      </cmis:propertyBoolean>
      <cmis:propertyString propertyDefinitionId="sf:ContentState" />
      <cmis:propertyString propertyDefinitionId="sf:DraftCulture" />
      <cmis:propertyId propertyDefinitionId="sf:OriginalContentId">
        <cmis:value>1da36853-3f09-4233-b682-b55c3cd9dbd8</cmis:value>
      </cmis:propertyId>
      <cmis:propertyString propertyDefinitionId="sf:SourceKey" />
      <cmis:propertyId propertyDefinitionId="sf:Tags" sf:collectionType="IEnumerable">
        <cmis:value>4b4e1e12-4ebd-43fc-a8c9-9ea5cb72bf01</cmis:value>
      </cmis:propertyId>
      <cmis:propertyId propertyDefinitionId="sf:Category" sf:collectionType="IEnumerable" />
      <cmis:propertyId propertyDefinitionId="cmis:objectId">
        <cmis:value>57194050-79f3-4800-a952-d012da7e5a98</cmis:value>
      </cmis:propertyId>
      <cmis:propertyString propertyDefinitionId="sf:Author">
        <cmis:value>Alan Shaerer</cmis:value>
      </cmis:propertyString>
      <cmis:propertyString propertyDefinitionId="cmis:objectTypeId">
        <cmis:value>Telerik.Sitefinity.News.Model.NewsItem</cmis:value>
      </cmis:propertyString>
      <cmis:propertyString propertyDefinitionId="sf:LangId">
        <cmis:value></cmis:value>
      </cmis:propertyString>
      <cmis:propertyString propertyDefinitionId="sf:ItemAction">
        <cmis:value>New</cmis:value>
      </cmis:propertyString>
    </cmis:properties>
  </cmisra:object>
  <cmisra:object>
    <cmis:properties>
      <cmis:propertyString propertyDefinitionId="sf:Summary">
        <cmis:value>Excepteur sint occaecat cupidatat non proident, sunt in culpa officia deserunt mollit anim id est laborum. Sed ut perspiciatis lorem150</cmis:value>
      </cmis:propertyString>
      <cmis:propertyString propertyDefinitionId="sf:Content">
        <cmis:value>&lt;p&gt;Lorem ipsum dolor sit amet, consectetur sita adipiscing elit. Proin molestie accumsan orci suneget placerat. Etiama faucibuss orci quis posuere vestibulu. Ut id purusos ultricies, dictumax quam id, ullamcorper urna. Curabitur sitdown nisi vitae nisi vestotana
    vestibul ut non massa. Aliquam erat volutpat. Morbi nect nunc et orci euismode finibus. Donec lobortis venenatis turpis. Aenean act congue arcu, nect porttitor magna. Nam consequa ligula nibh, in maximus gravida. Vivamus nuornare masa. Quisque sed
    honcus leo, ullamcorper auctor mi. Maecenas mollis purus, mattis nisl condimentum. Nam eros elementu, congue diam imperdiet, interdum tellus.&lt;/p&gt;&lt;p&gt;Mauris dapibus turpis vel ialis tempor. Morbi turpis leon, pulvinar vitae convallis vitae, scelerisque necto eros. Suspendisse vitae pharetra risus. Pellentesque varius, felis in lacinia faucibus, ipsum liula aliquam nulla, non honcus nunc ipsum eu risus.
    Nunc finibus euismod magna sagittis. Sed dictum libero consectetur.&lt;/p&gt;&lt;p&gt;Vivamus nisl metus, dictum sit amet porttitor sit amet, lobortis sit amet ipsum. Mauris ut quam non magna gravida egestas. Sed rutrum sapien eget lorem bibendum ullamcorper.
&lt;/p&gt;&lt;img sf-custom-thumbnail="true" src="[images%7COpenAccessDataProvider]ff85e4a5-c5c5-4825-8ac1-c748ac0f1ea7" style="float:right;" sf-constrain-proportions="true" width="200" alt="51" class="sf-immutable-selected -align-right" sf-size="59783" /&gt;&lt;ul&gt;&lt;li&gt;&lt;em class="fa fa-check-circle-o" aria-hidden="true"&gt;&lt;/em&gt;Duis blandit maximus tellus, sagittis volutpat tellus sandi.&lt;/li&gt;&lt;li&gt;&lt;em class="fa fa-check-circle-o" aria-hidden="true"&gt;&lt;/em&gt;Etiam vel auctor elit. Usaceros suscipit, lobortis felis non.&lt;/li&gt;&lt;li&gt;&lt;em class="fa fa-check-circle-o" aria-hidden="true"&gt;&lt;/em&gt;Integer sagittis finibus nequer, euster tincidunt misult.&lt;/li&gt;&lt;li&gt;&lt;em class="fa fa-check-circle-o" aria-hidden="true"&gt;&lt;/em&gt;Pellentesque euismod semeget diam ege&lt;/li&gt;&lt;/ul&gt;&lt;p&gt;Aliquam venenatis dui elit, et viverra mi maximus quis. Etiam vel auctor elit. Ut ac eros suscipit, lobortis felison, vulputate tellus. Suspendisse hendrerit aliquet lectus.&lt;/p&gt;&lt;p&gt;Mauris nisi arcu, consectetur convallis fringilla quis, posuere ac mauris. Ut in placerat lorem. Donec cursus malesuada nibhem, eget consectetur posuere sed. Suspendisse auctor nec diamet consectetur. Etiam ac maurised nisib tincidunt viverra. Sed nulla
    lacus, convallis vel nunc sed, fringilla venenatis neque.&lt;/p&gt;&lt;blockquote&gt;&lt;h6 class="quote-text"&gt;&amp;ldquo;Design is a funny word. Some people think design means how it looks. But of course, if you dig deeper, it's really how it works. The design of the Mac wasn't what it looked like, although that was part of it.&amp;rdquo;&lt;/h6&gt;&lt;h6 class="quote-name"&gt;STEVE JOBS&lt;/h6&gt;&lt;/blockquote&gt;&lt;p&gt;Phasellus laoreet mattis ultrices. Integer ex sem, ultrices eu sem in, laoreet vehicula ligula. Phasellus quistor blandit salah convallis augue. Sed velot dictum sapient. In pulvinar libero turpis. Quisque facilisis bigbang consenti. Nullam bendumaz,
    massan consequat in gravida porttitor, aguet lacus condimentum mauris, id blandit quam augue eget mana. Etiam denim jeans lacus, nascetur auge bibendum vel pulvinar viverra, mattis sit amet mi. Mauris fringilla, ex vitae maximus fringilla, neque sapien
    maximus justo, cursus risus neque sed nibh. Donec at urna eros scelerisque non nibh sed.&lt;/p&gt;</cmis:value>
      </cmis:propertyString>
      <cmis:propertyString propertyDefinitionId="sf:SourceName" />
      <cmis:propertyString propertyDefinitionId="sf:SourceSite" />
      <cmis:propertyString propertyDefinitionId="sf:CommentsConfigPath">
        <cmis:value>/NewsConfig/commentsSettings</cmis:value>
      </cmis:propertyString>
      <sf:Telerik.Sitefinity.News.Model.NewsUrlData propertyDefinitionId="sf:Urls" sf:collectionType="IEnumerable">
        <cmis:value>&lt;Telerik.Sitefinity.News.Model.NewsUrlData&gt;
  &lt;Culture&gt;127&lt;/Culture&gt;
  &lt;Disabled&gt;false&lt;/Disabled&gt;
  &lt;Id&gt;4362ede3-1cc7-43e9-a28b-5704f4bf12ab&lt;/Id&gt;
  &lt;IsDefault&gt;true&lt;/IsDefault&gt;
  &lt;LastModified&gt;2020-02-06T22:57:37.927Z&lt;/LastModified&gt;
  &lt;QueryString /&gt;
  &lt;RedirectToDefault&gt;false&lt;/RedirectToDefault&gt;
  &lt;Url&gt;%2f2020%2f02%2f06%2ffrom-wetlands-to-canals-and-dams-amsterdam-is-alive&lt;/Url&gt;
&lt;/Telerik.Sitefinity.News.Model.NewsUrlData&gt;</cmis:value>
      </sf:Telerik.Sitefinity.News.Model.NewsUrlData>
      <cmis:propertyBoolean propertyDefinitionId="sf:AutoGenerateUniqueUrl">
        <cmis:value>False</cmis:value>
      </cmis:propertyBoolean>
      <cmis:propertyString propertyDefinitionId="sf:ApprovalWorkflowState">
        <cmis:value>Published</cmis:value>
      </cmis:propertyString>
      <cmis:propertyId propertyDefinitionId="sf:Id">
        <cmis:value>416d8490-705d-4d33-a7c1-0fada819e474</cmis:value>
      </cmis:propertyId>
      <cmis:propertyString propertyDefinitionId="sf:Title">
        <cmis:value>From Wetlands To Canals And Dams Amsterdam Is Alive</cmis:value>
      </cmis:propertyString>
      <cmis:propertyString propertyDefinitionId="sf:Description">
        <cmis:value></cmis:value>
      </cmis:propertyString>
      <cmis:propertyString propertyDefinitionId="sf:UrlName">
        <cmis:value>from-wetlands-to-canals-and-dams-amsterdam-is-alive</cmis:value>
      </cmis:propertyString>
      <cmis:propertyId propertyDefinitionId="sf:DefaultPageId" />
      <cmis:propertyBoolean propertyDefinitionId="sf:IncludeInSitemap">
        <cmis:value>True</cmis:value>
      </cmis:propertyBoolean>
      <cmis:propertyInteger propertyDefinitionId="sf:Status">
        <cmis:value>2</cmis:value>
      </cmis:propertyInteger>
      <cmis:propertyInteger propertyDefinitionId="sf:PostRights">
        <cmis:value>1</cmis:value>
      </cmis:propertyInteger>
      <cmis:propertyBoolean propertyDefinitionId="sf:AllowTrackBacks" />
      <cmis:propertyBoolean propertyDefinitionId="sf:AllowComments">
        <cmis:value>True</cmis:value>
      </cmis:propertyBoolean>
      <cmis:propertyBoolean propertyDefinitionId="sf:ApproveComments">
        <cmis:value>False</cmis:value>
      </cmis:propertyBoolean>
      <cmis:propertyBoolean propertyDefinitionId="sf:EmailAuthor">
        <cmis:value>False</cmis:value>
      </cmis:propertyBoolean>
      <cmis:propertyBoolean propertyDefinitionId="sf:SupportsContentLifecycle">
        <cmis:value>True</cmis:value>
      </cmis:propertyBoolean>
      <cmis:propertyString propertyDefinitionId="sf:ContentState" />
      <cmis:propertyString propertyDefinitionId="sf:DraftCulture" />
      <cmis:propertyId propertyDefinitionId="sf:OriginalContentId">
        <cmis:value>9e4892a4-3f29-43d3-92cd-fcbcf07d8cf2</cmis:value>
      </cmis:propertyId>
      <cmis:propertyString propertyDefinitionId="sf:SourceKey" />
      <cmis:propertyId propertyDefinitionId="sf:Tags" sf:collectionType="IEnumerable">
        <cmis:value>3fcf905a-2bc0-47d8-97a2-2eaa705aa7f2</cmis:value>
      </cmis:propertyId>
      <cmis:propertyId propertyDefinitionId="sf:Category" sf:collectionType="IEnumerable" />
      <cmis:propertyId propertyDefinitionId="cmis:objectId">
        <cmis:value>416d8490-705d-4d33-a7c1-0fada819e474</cmis:value>
      </cmis:propertyId>
      <cmis:propertyString propertyDefinitionId="sf:Author">
        <cmis:value>Alan Shaerer</cmis:value>
      </cmis:propertyString>
      <cmis:propertyString propertyDefinitionId="cmis:objectTypeId">
        <cmis:value>Telerik.Sitefinity.News.Model.NewsItem</cmis:value>
      </cmis:propertyString>
      <cmis:propertyString propertyDefinitionId="sf:LangId">
        <cmis:value></cmis:value>
      </cmis:propertyString>
      <cmis:propertyString propertyDefinitionId="sf:ItemAction">
        <cmis:value>New</cmis:value>
      </cmis:propertyString>
    </cmis:properties>
  </cmisra:object>
</atom:entry>